Rk,Player,Pos,Age,Tm,G,GS,MP,FG,FGA,FG%,3P,3PA,3P%,2P,2PA,2P%,eFG%,FT,FTA,FT%,ORB,DRB,TRB,AST,STL,BLK,TOV,PF,PS/G
1,Alex Abrines\abrinal01,SG,24,OKC,53,8,16.0,1.6,4.1,.386,1.1,2.9,.372,0.5,1.1,.424,.521,0.6,0.7,.865,0.4,1.3,1.7,0.4,0.5,0.1,0.4,1.8,4.8
2,Quincy Acy\acyqu01,PF,27,BRK,52,8,20.8,1.8,5.3,.339,1.4,4.2,.333,0.4,1.2,.361,.469,0.9,1.1,.821,0.7,3.5,4.2,0.8,0.5,0.3,1.0,2.2,5.9
3,Steven Adams\adamsst01,C,24,OKC,54,54,32.4,5.9,9.5,.626,0.0,0.0,.000,5.9,9.4,.629,.626,2.0,3.5,.579,5.2,3.9,9.1,0.9,1.2,1.0,1.5,2.9,13.9
4,Bam Adebayo\adebaba01,C,20,MIA,49,11,20.6,2.6,4.9,.542,0.0,0.1,.000,2.6,4.7,.556,.542,2.0,2.7,.739,1.6,3.7,5.3,1.7,0.6,0.7,0.9,2.1,7.3
5,Arron Afflalo\afflaar01,SG,32,ORL,43,2,12.9,1.1,3.0,.377,0.5,1.3,.370,0.7,1.8,.382,.454,0.4,0.5,.818,0.1,1.3,1.4,0.5,0.0,0.2,0.4,1.1,3.2
6,Cole Aldrich\aldrico01,C,29,MIN,13,0,2.2,0.2,0.7,.333,0.0,0.0,,0.2,0.7,.333,.333,0.2,0.3,.500,0.2,0.3,0.5,0.1,0.2,0.1,0.1,0.5,0.6
7,LaMarcus Aldridge\aldrila01,C,32,SAS,54,54,33.9,8.9,17.7,.501,0.5,1.4,.329,8.4,16.3,.516,.514,4.2,5.1,.835,3.4,5.0,8.4,2.0,0.5,1.2,1.5,2.2,22.4
8,Jarrett Allen\allenja01,C,19,BRK,50,9,18.2,3.1,5.3,.586,0.1,0.2,.333,3.0,5.1,.594,.591,1.4,1.8,.775,1.9,3.1,5.1,0.6,0.4,0.8,1.0,1.9,7.6
9,Kadeem Allen\allenka01,PG,25,BOS,7,0,3.9,0.1,0.9,.167,0.0,0.4,.000,0.1,0.4,.333,.167,0.4,0.6,.750,0.1,0.3,0.4,0.1,0.1,0.0,0.4,0.3,0.7
10,Tony Allen\allento01,SF,36,NOP,22,0,12.4,2.0,4.1,.484,0.2,0.5,.333,1.8,3.6,.506,.505,0.5,1.0,.524,0.9,1.2,2.1,0.4,0.5,0.1,0.9,2.2,4.7
11,Al-Farouq Aminu\aminual01,PF,27,POR,45,43,30.0,3.4,8.4,.405,1.9,4.8,.394,1.5,3.6,.421,.517,0.8,1.1,.750,1.2,6.2,7.4,1.1,1.0,0.6,1.0,1.8,9.5
12,Justin Anderson\anderju01,SF,24,PHI,26,0,14.0,2.3,5.1,.444,0.8,2.4,.349,1.4,2.7,.529,.526,0.7,1.0,.680,0.7,1.7,2.3,0.6,0.4,0.2,0.3,1.5,6.0
13,Kyle Anderson\anderky01,SF,24,SAS,51,45,27.4,3.2,6.2,.516,0.2,0.7,.306,3.0,5.5,.543,.533,1.5,2.0,.760,1.1,4.6,5.7,2.7,1.4,0.8,1.4,1.5,8.2
14,Ryan Anderson\anderry01,PF,29,HOU,55,50,27.8,3.4,7.8,.434,2.1,5.5,.387,1.2,2.3,.548,.571,1.2,1.5,.790,1.5,3.9,5.3,1.0,0.4,0.3,0.7,1.8,10.1
15,Ike Anigbogu\anigbik01,C,19,IND,10,0,2.8,0.4,0.9,.444,0.0,0.0,,0.4,0.9,.444,.444,0.5,0.6,.833,0.5,0.4,0.9,0.0,0.1,0.3,0.2,0.1,1.3
16,Giannis Antetokounmpo\antetgi01,PF,23,MIL,53,53,37.0,10.2,18.9,.540,0.5,1.8,.290,9.7,17.2,.565,.553,6.8,9.1,.753,2.2,8.2,10.4,4.8,1.4,1.3,2.8,3.0,27.8
17,Carmelo Anthony\anthoca01,PF,33,OKC,56,56,32.3,6.4,15.6,.412,2.1,5.9,.348,4.4,9.6,.452,.479,2.2,2.8,.774,0.7,5.2,5.9,1.4,0.6,0.7,1.3,2.6,17.1
18,OG Anunoby\anunoog01,SF,20,TOR,57,45,20.8,2.2,4.9,.444,1.0,2.9,.345,1.2,2.0,.588,.547,0.6,0.9,.694,0.6,1.9,2.5,0.8,0.8,0.1,0.6,1.8,5.9
19,Ryan Arcidiacono\arcidry01,PG,23,CHI,13,0,9.2,0.4,0.9,.417,0.2,0.8,.300,0.2,0.2,1.000,.542,0.2,0.2,1.000,0.0,0.5,0.5,1.0,0.4,0.0,0.2,0.8,1.2
20,Trevor Ariza\arizatr01,SF,32,HOU,44,44,35.0,4.1,9.6,.424,2.7,7.1,.383,1.3,2.5,.541,.566,1.2,1.4,.883,0.5,4.1,4.7,1.6,1.5,0.2,0.9,1.9,12.1
21,Darrell Arthur\arthuda01,PF,29,DEN,15,1,8.6,1.3,2.8,.476,0.4,1.3,.316,0.9,1.5,.609,.548,0.1,0.2,.667,0.2,0.8,1.0,0.6,0.5,0.1,1.0,1.3,3.2
22,Jamel Artis\artisja01,SG,25,ORL,5,0,11.0,0.8,3.4,.235,0.0,1.0,.000,0.8,2.4,.333,.235,0.2,0.6,.333,0.2,1.2,1.4,0.8,0.0,0.0,0.0,0.0,1.8
23,Omer Asik\asikom01,C,31,NOP,14,0,8.6,0.5,1.1,.438,0.0,0.0,,0.5,1.1,.438,.438,0.3,0.9,.333,0.5,2.1,2.6,0.1,0.1,0.1,0.4,1.0,1.3
24,D.J. Augustin\augusdj01,PG,30,ORL,50,11,21.0,2.7,6.4,.426,1.3,3.3,.398,1.4,3.1,.458,.530,2.2,2.5,.857,0.4,1.5,1.8,3.2,0.8,0.0,1.4,1.2,8.9
25,Luke Babbitt\babbilu01,SF,28,TOT,38,9,15.2,2.2,4.5,.480,1.3,3.0,.447,0.8,1.5,.544,.629,0.4,0.6,.773,0.1,2.0,2.1,0.7,0.2,0.1,0.4,1.3,6.1
25,Luke Babbitt\babbilu01,SF,28,ATL,37,9,15.4,2.2,4.5,.476,1.3,3.0,.441,0.8,1.5,.544,.622,0.5,0.6,.773,0.1,2.1,2.2,0.7,0.2,0.1,0.4,1.3,6.1
25,Luke Babbitt\babbilu01,SF,28,MIA,1,0,9.0,2.0,3.0,.667,2.0,3.0,.667,0.0,0.0,,1.000,0.0,0.0,,0.0,0.0,0.0,0.0,0.0,0.0,1.0,2.0,6.0
26,Dwayne Bacon\bacondw01,SG,22,CHO,35,6,13.4,1.2,3.3,.357,0.3,0.9,.313,0.9,2.4,.373,.400,0.3,0.4,.714,0.0,2.5,2.6,0.6,0.3,0.1,0.5,1.1,2.9
27,Ron Baker\bakerro01,SG,24,NYK,29,1,13.3,0.7,2.0,.339,0.4,1.1,.333,0.3,0.9,.346,.432,0.7,0.9,.769,0.2,0.9,1.0,1.6,0.9,0.2,0.6,1.1,2.4
28,Lonzo Ball\balllo01,PG,20,LAL,36,36,33.9,3.9,11.1,.356,1.6,5.4,.303,2.3,5.7,.407,.430,0.7,1.4,.480,1.3,5.8,7.1,7.1,1.5,0.9,2.7,2.2,10.2
29,J.J. Barea\bareajo01,PG,33,DAL,53,3,23.2,4.2,9.8,.423,1.6,4.5,.354,2.6,5.3,.482,.505,1.4,1.7,.783,0.2,2.8,3.0,6.2,0.5,0.1,2.0,1.4,11.3
30,Harrison Barnes\barneha02,PF,25,DAL,56,56,34.4,6.8,15.2,.449,1.4,4.0,.350,5.4,11.2,.485,.495,3.2,3.9,.826,1.1,5.5,6.6,1.9,0.7,0.2,1.5,1.2,18.3
31,Will Barton\bartowi01,SG,27,DEN,57,23,32.4,5.4,12.2,.443,1.8,5.0,.367,3.6,7.2,.495,.518,2.0,2.6,.779,0.8,4.0,4.8,4.1,1.1,0.6,1.8,1.9,14.7
32,Nicolas Batum\batumni01,SG,29,CHO,43,43,31.6,4.4,10.8,.413,1.5,4.6,.325,3.0,6.2,.477,.482,1.6,2.0,.795,0.9,3.4,4.3,4.7,1.0,0.3,2.0,1.2,12.0
33,Jerryd Bayless\bayleje01,SG,29,PHI,39,11,23.7,2.8,6.7,.416,1.4,3.7,.370,1.4,3.0,.474,.519,0.9,1.1,.795,0.4,1.7,2.1,1.4,0.6,0.2,1.2,2.3,7.9
34,Aron Baynes\baynear01,C,31,BOS,59,45,18.1,2.4,5.3,.461,0.0,0.2,.000,2.4,5.1,.475,.461,0.8,1.1,.750,1.5,3.8,5.3,0.9,0.3,0.6,0.9,2.5,5.7
35,Kent Bazemore\bazemke01,SG,28,ATL,58,58,27.9,4.4,10.6,.414,1.7,4.3,.398,2.7,6.3,.425,.494,2.5,3.2,.798,0.4,3.6,4.0,3.6,1.6,0.7,2.4,2.3,13.0
36,Bradley Beal\bealbr01,SG,24,WAS,57,57,36.4,8.6,18.7,.461,2.4,6.6,.370,6.2,12.1,.511,.526,3.9,5.0,.795,0.8,3.7,4.5,4.2,1.2,0.5,2.4,1.8,23.6
37,Malik Beasley\beaslma01,SG,21,DEN,49,0,10.1,1.2,3.0,.403,0.4,1.3,.281,0.9,1.7,.494,.463,0.3,0.5,.667,0.3,1.0,1.3,0.5,0.2,0.1,0.4,0.7,3.1
38,Michael Beasley\beaslmi01,PF,29,NYK,52,11,20.8,5.3,10.6,.503,0.4,1.0,.385,4.9,9.6,.515,.521,1.9,2.4,.776,1.4,4.0,5.4,1.4,0.5,0.6,1.9,1.8,12.9
39,Marco Belinelli\belinma01,SG,31,TOT,53,1,23.4,3.9,9.4,.415,1.8,4.8,.377,2.1,4.6,.455,.511,1.9,2.1,.927,0.2,1.6,1.9,1.9,0.9,0.1,1.1,0.8,11.5
39,Marco Belinelli\belinma01,SG,31,ATL,52,1,23.3,3.8,9.3,.411,1.8,4.8,.372,2.1,4.6,.451,.506,1.9,2.1,.927,0.3,1.7,1.9,2.0,0.9,0.1,1.0,0.8,11.4
39,Marco Belinelli\belinma01,SG,31,PHI,1,0,28.0,7.0,12.0,.583,3.0,5.0,.600,4.0,7.0,.571,.708,0.0,0.0,,0.0,1.0,1.0,0.0,0.0,0.0,2.0,2.0,17.0
40,Jordan Bell\belljo01,C,23,GSW,38,11,14.4,2.3,3.4,.664,0.0,0.1,.000,2.3,3.4,.680,.664,0.5,0.8,.667,1.2,2.7,3.9,1.8,0.7,1.1,1.0,1.9,5.1
41,DeAndre' Bembry\bembrde01,SF,23,ATL,20,0,16.9,1.9,4.8,.385,0.4,1.2,.304,1.5,3.7,.411,.422,0.7,1.1,.667,0.4,2.1,2.5,1.5,0.7,0.5,1.8,1.5,4.8
42,Dragan Bender\bendedr01,PF,20,PHO,59,14,23.3,2.2,5.6,.391,1.4,3.7,.379,0.8,1.9,.414,.517,0.4,0.5,.750,0.4,3.3,3.7,1.3,0.3,0.6,1.3,1.9,6.2
43,Davis Bertans\bertada01,PF,25,SAS,55,7,15.4,2.3,5.1,.440,1.3,3.5,.366,1.0,1.6,.602,.566,0.5,0.7,.833,0.3,2.0,2.2,1.0,0.3,0.4,0.5,1.3,6.3
44,Patrick Beverley\beverpa01,SG,29,LAC,11,11,30.4,4.4,10.8,.403,2.2,5.5,.400,2.2,5.4,.407,.504,1.3,1.5,.824,1.5,2.6,4.1,2.9,1.7,0.5,2.3,3.1,12.2
45,Khem Birch\birchkh01,C,25,ORL,21,0,12.5,1.4,2.7,.526,0.0,0.0,,1.4,2.7,.526,.526,0.7,1.0,.636,1.6,2.2,3.9,0.7,0.4,0.5,0.6,1.3,3.5
46,Jabari Bird\birdja01,SG,23,BOS,4,0,5.5,0.3,1.0,.250,0.0,0.5,.000,0.3,0.5,.500,.250,0.8,1.3,.600,0.0,0.5,0.5,0.3,0.3,0.0,0.0,0.5,1.3
47,Bismack Biyombo\biyombi01,C,25,ORL,57,23,19.4,2.2,4.2,.529,0.0,0.0,.000,2.2,4.2,.531,.529,1.4,2.0,.687,1.8,4.2,6.0,0.7,0.3,1.3,1.1,2.1,5.9
48,Nemanja Bjelica\bjeline01,PF,29,MIN,46,4,15.7,2.1,4.4,.488,1.0,2.3,.433,1.2,2.1,.546,.600,0.5,0.6,.852,0.6,2.5,3.1,0.9,0.5,0.2,0.6,1.8,5.7
49,Tarik Black\blackta01,C,26,HOU,37,0,10.2,1.5,2.6,.589,0.0,0.2,.000,1.5,2.4,.644,.589,0.6,1.2,.467,1.2,1.8,2.9,0.2,0.4,0.5,0.8,2.2,3.6
50,Antonio Blakeney\blakean01,SG,21,CHI,12,0,14.2,2.5,6.8,.366,0.8,2.5,.300,1.8,4.3,.404,.421,1.3,1.8,.762,0.3,1.4,1.7,0.6,0.2,0.0,0.7,0.7,7.1
51,Eric Bledsoe\bledser01,PG,28,TOT,49,49,30.8,6.1,13.5,.453,1.6,4.9,.321,4.5,8.6,.529,.511,3.4,4.4,.780,0.7,2.9,3.6,4.5,2.1,0.6,2.9,2.4,17.2
51,Eric Bledsoe\bledser01,PG,28,PHO,3,3,27.7,5.3,13.3,.400,1.3,4.3,.308,4.0,9.0,.444,.450,3.7,4.7,.786,1.0,1.3,2.3,3.0,1.3,0.7,3.3,2.0,15.7
51,Eric Bledsoe\bledser01,PG,28,MIL,46,46,31.0,6.2,13.5,.456,1.6,4.9,.322,4.6,8.5,.534,.515,3.4,4.3,.780,0.6,3.0,3.6,4.6,2.2,0.6,2.9,2.4,17.3
52,Vander Blue\blueva01,SG,25,LAL,5,0,9.0,0.2,1.0,.200,0.0,0.4,.000,0.2,0.6,.333,.200,0.2,0.4,.500,0.0,0.2,0.2,0.6,0.2,0.0,0.6,0.4,0.6
53,Bogdan Bogdanovic\bogdabo01,SG,25,SAC,54,29,27.4,4.3,9.3,.464,1.6,4.0,.400,2.7,5.3,.512,.550,1.3,1.5,.840,0.4,2.4,2.7,3.2,1.0,0.2,1.6,2.2,11.5
54,Bojan Bogdanovic\bogdabo02,SF,28,IND,57,57,30.6,4.9,10.4,.470,1.9,4.9,.386,3.0,5.5,.545,.561,2.0,2.4,.847,0.3,2.9,3.2,1.4,0.8,0.1,1.2,1.6,13.7
55,Andrew Bogut\bogutan01,C,33,LAL,24,5,9.0,0.7,1.0,.680,0.0,0.0,,0.7,1.0,.680,.680,0.1,0.1,1.000,1.1,2.2,3.3,0.6,0.2,0.5,0.8,1.7,1.5
56,Joel Bolomboy\bolomjo01,PF,24,MIL,6,0,6.3,0.5,1.0,.500,0.0,0.2,.000,0.5,0.8,.600,.500,0.5,1.0,.500,1.0,0.7,1.7,0.0,0.3,0.0,0.3,0.5,1.5
57,Devin Booker\bookede01,SG,21,PHO,44,44,34.1,8.1,18.8,.430,2.7,7.0,.383,5.4,11.8,.458,.502,5.4,6.1,.888,0.4,4.0,4.4,4.8,0.9,0.3,3.5,3.0,24.2
58,Trevor Booker\booketr01,PF,30,TOT,48,5,17.5,2.8,5.3,.530,0.1,0.4,.235,2.7,4.9,.551,.538,1.1,1.7,.688,1.7,3.2,4.9,1.3,0.5,0.3,1.0,1.8,6.8
58,Trevor Booker\booketr01,PF,30,BRK,18,5,21.9,4.3,8.3,.513,0.2,0.7,.250,4.1,7.7,.536,.523,1.3,2.4,.558,2.1,4.5,6.6,2.1,0.4,0.3,1.7,2.4,10.1
58,Trevor Booker\booketr01,PF,30,PHI,30,0,14.9,1.9,3.4,.553,0.0,0.2,.200,1.9,3.3,.571,.558,1.0,1.2,.838,1.5,2.4,3.8,0.8,0.5,0.3,0.6,1.5,4.9
59,Avery Bradley\bradlav01,SG,27,TOT,46,46,31.2,5.6,13.6,.414,1.6,4.4,.369,4.0,9.2,.436,.474,1.4,1.8,.768,0.5,2.0,2.5,2.0,1.1,0.2,2.2,2.0,14.3
59,Avery Bradley\bradlav01,SG,27,DET,40,40,31.7,5.8,14.3,.409,1.9,4.9,.381,4.0,9.4,.423,.474,1.5,2.0,.763,0.5,1.9,2.4,2.1,1.2,0.2,2.3,2.0,15.0
59,Avery Bradley\bradlav01,SG,27,LAC,6,6,27.5,4.3,9.2,.473,0.2,1.5,.111,4.2,7.7,.543,.482,0.3,0.3,1.000,0.5,3.2,3.7,1.8,0.8,0.2,1.3,2.0,9.2
60,Tony Bradley\bradlto01,C,20,UTA,8,0,3.5,0.4,1.4,.273,0.0,0.1,.000,0.4,1.3,.300,.273,0.3,0.3,1.000,0.5,0.9,1.4,0.1,0.0,0.0,0.0,0.1,1.0
61,Corey Brewer\breweco01,SF,31,LAL,53,2,12.8,1.5,3.2,.450,0.2,0.8,.186,1.3,2.4,.539,.474,0.6,1.0,.667,0.4,1.3,1.8,0.8,0.8,0.2,0.7,1.5,3.7
62,Malcolm Brogdon\brogdma01,PG,25,MIL,46,20,30.5,5.2,10.6,.487,1.3,3.4,.378,3.9,7.2,.538,.547,1.6,1.8,.882,0.5,2.8,3.3,3.2,0.9,0.3,1.4,2.8,13.3
63,Aaron Brooks\brookaa01,PG,33,MIN,27,1,5.9,0.8,1.9,.431,0.3,0.8,.333,0.6,1.1,.500,.500,0.1,0.2,.667,0.2,0.3,0.5,0.7,0.2,0.0,0.3,0.7,2.0
64,Dillon Brooks\brookdi01,SF,22,MEM,56,48,28.1,3.5,7.8,.452,1.0,2.8,.374,2.5,5.0,.495,.518,1.0,1.3,.720,0.5,2.6,3.1,1.3,0.8,0.3,1.3,3.2,9.0
65,Bobby Brown\brownbo02,PG,33,HOU,20,0,5.8,1.0,2.9,.328,0.6,2.0,.275,0.4,0.9,.444,.422,0.1,0.1,.500,0.0,0.4,0.4,0.6,0.2,0.0,0.5,0.3,2.5
66,Jaylen Brown\brownja02,SF,21,BOS,54,54,31.6,5.2,11.4,.456,1.7,4.6,.378,3.5,6.8,.509,.532,1.9,3.1,.588,1.0,4.4,5.4,1.6,1.0,0.4,1.7,2.9,14.0
67,Lorenzo Brown\brownlo01,PG,27,TOR,12,0,7.9,0.6,1.8,.333,0.0,0.6,.000,0.6,1.2,.500,.333,0.0,0.0,,0.0,0.8,0.8,1.0,0.3,0.0,0.1,0.4,1.2
68,Markel Brown\brownma02,SG,26,HOU,4,0,7.8,0.5,1.8,.286,0.3,1.3,.200,0.3,0.5,.500,.357,0.0,0.0,,0.3,1.0,1.3,0.5,0.0,0.0,0.5,1.5,1.3
69,Sterling Brown\brownst02,SG,22,MIL,32,2,14.5,1.5,3.8,.397,0.6,1.7,.377,0.9,2.1,.412,.479,0.4,0.4,.857,0.5,2.2,2.7,0.3,0.8,0.3,0.5,1.4,4.0
70,Nicolas Brussino\brussni01,SF,24,ATL,4,0,2.5,0.0,0.5,.000,0.0,0.5,.000,0.0,0.0,,.000,0.0,0.0,,0.0,0.8,0.8,0.0,0.0,0.0,0.0,0.0,0.0
71,Thomas Bryant\bryanth01,C,20,LAL,7,0,3.6,0.4,1.1,.375,0.1,0.7,.200,0.3,0.4,.667,.438,0.3,0.6,.500,0.1,0.4,0.6,0.3,0.0,0.0,0.0,0.0,1.3
72,Reggie Bullock\bullore01,SF,26,DET,42,32,26.0,3.7,7.2,.508,1.8,4.0,.452,1.9,3.3,.577,.632,0.5,0.7,.733,0.4,1.9,2.3,1.2,0.8,0.2,0.6,1.1,9.6
73,Trey Burke\burketr01,PG,25,NYK,13,0,13.0,3.1,5.7,.541,0.5,1.3,.412,2.5,4.4,.579,.588,0.7,1.1,.643,0.2,1.1,1.2,2.8,0.3,0.0,0.6,0.6,7.4
74,Alec Burks\burksal01,SG,26,UTA,52,1,18.0,2.9,7.2,.409,0.8,2.4,.331,2.1,4.8,.448,.464,2.0,2.3,.864,0.3,2.9,3.3,1.2,0.7,0.2,0.9,1.3,8.6
75,Jimmy Butler\butleji01,SG,28,MIN,55,55,37.3,7.5,15.8,.476,1.2,3.5,.358,6.3,12.3,.509,.515,6.2,7.1,.865,1.3,4.1,5.5,5.0,1.9,0.4,1.9,1.3,22.4
76,Dwight Buycks\buyckdw01,PG,28,DET,16,0,14.9,3.0,6.7,.449,0.6,1.5,.375,2.4,5.2,.470,.491,1.1,1.3,.857,0.3,1.3,1.6,2.3,0.5,0.1,1.4,1.6,7.7
77,Bruno Caboclo\cabocbr01,SF,22,TOR,2,0,3.5,0.0,1.0,.000,0.0,1.0,.000,0.0,0.0,,.000,0.0,0.0,,0.0,0.5,0.5,0.5,0.5,0.0,0.0,0.5,0.0
78,Jose Calderon\caldejo01,PG,36,CLE,39,25,15.6,1.4,2.8,.500,0.7,1.5,.450,0.7,1.3,.560,.623,0.4,0.5,.778,0.2,1.2,1.4,1.9,0.5,0.0,0.7,1.5,3.9
79,Kentavious Caldwell-Pope\caldwke01,SG,24,LAL,49,49,32.7,4.5,10.8,.416,2.0,5.4,.361,2.5,5.4,.471,.507,2.1,2.7,.754,0.8,4.1,4.9,2.2,1.6,0.2,1.2,1.9,13.0
80,Isaiah Canaan\canaais01,PG-SG,26,TOT,20,1,21.1,2.6,6.9,.380,1.1,3.3,.333,1.5,3.6,.423,.460,2.3,2.6,.902,0.3,2.0,2.3,3.8,0.8,0.1,1.5,1.8,8.6
80,Isaiah Canaan\canaais01,SG,26,HOU,1,0,4.0,0.0,1.0,.000,0.0,0.0,,0.0,1.0,.000,.000,0.0,0.0,,0.0,1.0,1.0,0.0,0.0,0.0,0.0,0.0,0.0
80,Isaiah Canaan\canaais01,PG,26,PHO,19,1,22.0,2.7,7.2,.382,1.2,3.5,.333,1.6,3.7,.429,.463,2.4,2.7,.902,0.3,2.0,2.3,4.0,0.8,0.1,1.5,1.9,9.1
81,Clint Capela\capelca01,C,23,HOU,52,52,27.2,6.1,9.4,.654,0.0,0.0,.000,6.1,9.4,.655,.654,2.2,3.7,.582,3.2,7.9,11.1,1.0,0.8,1.8,1.5,2.6,14.4
82,DeMarre Carroll\carrode01,SF,31,BRK,54,54,29.8,4.4,10.9,.405,1.9,5.2,.358,2.5,5.6,.449,.491,2.6,3.4,.773,1.6,5.0,6.6,2.0,0.9,0.4,1.5,2.2,13.3
83,Vince Carter\cartevi01,SF,41,SAC,38,4,17.1,1.8,4.7,.385,0.9,2.7,.353,0.9,2.0,.429,.486,0.4,0.6,.696,0.2,1.9,2.2,1.3,0.9,0.5,0.6,1.7,5.0
84,Michael Carter-Williams\cartemi01,PG,26,CHO,45,2,15.9,1.3,4.1,.324,0.3,1.1,.265,1.0,3.0,.346,.359,1.3,1.5,.826,0.7,1.8,2.6,2.2,0.8,0.4,1.0,2.0,4.2
85,Alex Caruso\carusal01,PG,23,LAL,24,0,12.9,1.0,2.5,.417,0.2,0.8,.250,0.8,1.7,.500,.458,0.3,0.5,.583,0.3,1.0,1.3,1.9,0.5,0.3,0.9,1.3,2.6
86,Omri Casspi\casspom01,SF,29,GSW,45,7,14.8,2.4,4.1,.584,0.2,0.4,.500,2.2,3.7,.594,.611,1.0,1.4,.770,0.6,3.4,4.0,1.0,0.4,0.4,0.8,1.4,6.1
87,Willie Cauley-Stein\caulewi01,C,24,SAC,52,39,27.4,5.2,10.3,.498,0.0,0.2,.182,5.1,10.1,.505,.500,2.0,3.3,.608,1.8,5.0,6.7,2.2,1.1,0.9,1.5,2.4,12.3
88,Tyler Cavanaugh\cavanty01,PF,23,ATL,30,1,13.8,1.8,3.9,.474,0.9,2.4,.366,1.0,1.5,.644,.586,0.4,0.6,.765,1.1,2.2,3.3,0.8,0.3,0.1,0.4,1.7,5.0
89,Mario Chalmers\chalmma01,PG,31,MEM,50,7,22.4,2.6,6.9,.375,0.8,2.9,.269,1.8,4.0,.452,.432,1.8,2.1,.846,0.2,2.4,2.6,3.1,1.2,0.2,1.7,2.8,7.7
90,Tyson Chandler\chandty01,C,35,PHO,42,42,25.4,2.6,4.1,.624,0.0,0.0,,2.6,4.1,.624,.624,1.3,2.1,.618,3.1,6.5,9.5,1.1,0.3,0.6,1.3,2.4,6.5
91,Wilson Chandler\chandwi01,SF,30,DEN,52,49,30.6,3.5,8.2,.428,1.0,3.1,.329,2.5,5.1,.489,.491,1.3,1.6,.819,1.3,3.7,5.1,2.0,0.5,0.5,1.3,2.0,9.3
92,Marquese Chriss\chrisma01,PF,20,PHO,51,41,21.0,2.5,6.1,.404,0.8,2.6,.296,1.7,3.5,.486,.468,1.2,2.0,.594,0.9,4.2,5.1,1.2,0.7,1.0,1.4,3.0,6.9
93,Ian Clark\clarkia01,SG,26,NOP,51,1,17.3,2.3,5.5,.418,0.7,2.5,.291,1.6,3.0,.523,.484,0.5,0.7,.684,0.1,1.5,1.6,1.3,0.3,0.1,0.7,1.5,5.8
94,Jordan Clarkson\clarkjo01,SG,25,TOT,55,2,23.7,5.7,12.5,.453,1.3,3.9,.332,4.4,8.6,.510,.506,1.9,2.4,.791,0.8,2.2,3.0,3.2,0.7,0.1,1.7,1.2,14.6
94,Jordan Clarkson\clarkjo01,SG,25,LAL,53,2,23.7,5.6,12.6,.448,1.3,4.0,.324,4.4,8.6,.505,.499,2.0,2.5,.795,0.8,2.2,3.0,3.3,0.7,0.1,1.8,1.2,14.5
94,Jordan Clarkson\clarkjo01,SG,25,CLE,2,0,23.5,6.5,10.5,.619,2.0,3.5,.571,4.5,7.0,.643,.714,0.5,1.0,.500,0.0,3.0,3.0,2.5,1.0,0.0,0.5,1.5,15.5
95,Gian Clavell\clavegi01,SG,24,DAL,7,0,9.1,0.9,2.6,.333,0.9,2.1,.400,0.0,0.4,.000,.500,0.3,0.3,1.000,0.1,0.9,1.0,0.4,0.3,0.0,0.3,1.1,2.9
96,Antonius Cleveland\clevean01,SG,23,DAL,13,0,6.2,0.3,1.1,.286,0.0,0.1,.000,0.3,1.0,.308,.286,0.2,0.3,.500,0.2,0.6,0.8,0.2,0.5,0.3,0.2,0.8,0.8
97,John Collins\collijo01,PF,20,ATL,53,5,22.3,4.1,7.1,.580,0.1,0.4,.316,4.0,6.7,.594,.588,1.8,2.5,.737,2.7,4.3,7.0,1.0,0.6,1.2,1.3,2.9,10.2
98,Zach Collins\colliza01,C,20,POR,42,1,15.2,1.6,4.1,.379,0.5,1.5,.317,1.1,2.6,.414,.437,0.3,0.6,.560,0.6,2.6,3.3,0.8,0.3,0.5,0.8,2.1,4.0
99,Kyle Collinsworth\colliky01,SF,26,DAL,15,0,13.1,1.2,2.3,.514,0.1,0.4,.333,1.1,1.9,.552,.543,0.4,1.1,.353,0.6,1.9,2.5,1.1,0.6,0.1,0.6,1.3,2.9
100,Darren Collison\collida01,PG,30,IND,52,52,30.3,4.7,9.5,.495,1.3,3.1,.432,3.4,6.4,.526,.566,2.0,2.2,.897,0.6,2.1,2.7,5.3,1.4,0.3,1.3,1.9,12.8
101,Nick Collison\collini01,PF,37,OKC,9,0,5.8,0.8,0.9,.875,0.0,0.0,,0.8,0.9,.875,.875,0.3,0.7,.500,0.3,1.1,1.4,0.3,0.0,0.0,0.4,0.6,1.9
102,Mike Conley\conlemi01,PG,30,MEM,12,12,31.1,5.3,14.0,.381,2.0,6.4,.312,3.3,7.6,.440,.452,4.4,5.5,.803,0.0,2.3,2.3,4.1,1.0,0.3,1.5,2.0,17.1
103,Pat Connaughton\connapa01,SG,25,POR,58,5,19.5,2.3,5.2,.444,1.0,2.8,.370,1.3,2.4,.528,.543,0.6,0.7,.854,0.4,1.7,2.0,1.3,0.2,0.3,0.6,1.5,6.3
104,Quinn Cook\cookqu01,PG,24,GSW,11,2,9.5,1.2,2.6,.448,0.5,1.3,.357,0.7,1.4,.533,.534,0.1,0.1,1.000,0.2,0.9,1.1,1.5,0.0,0.0,0.3,0.8,2.9
105,Charles Cooke\cookech01,SG,23,NOP,9,0,2.7,0.2,1.1,.200,0.1,0.7,.167,0.1,0.4,.250,.250,0.1,0.2,.500,0.0,0.1,0.1,0.1,0.1,0.0,0.1,0.0,0.7
106,Jack Cooley\cooleja01,PF,26,SAC,1,0,2.0,0.0,1.0,.000,0.0,0.0,,0.0,1.0,.000,.000,2.0,2.0,1.000,0.0,1.0,1.0,1.0,0.0,0.0,0.0,0.0,2.0
107,Matt Costello\costema01,C,24,SAS,3,0,6.0,0.3,1.0,.333,0.0,0.0,,0.3,1.0,.333,.333,0.0,0.0,,0.3,2.0,2.3,0.0,0.0,0.7,0.3,1.7,0.7
108,DeMarcus Cousins\couside01,C,27,NOP,48,48,36.2,8.5,18.0,.470,2.2,6.1,.354,6.3,11.9,.530,.530,6.1,8.2,.746,2.2,10.7,12.9,5.4,1.6,1.6,5.0,3.8,25.2
109,Robert Covington\covinro01,PF,27,PHI,53,53,32.3,4.3,10.7,.406,2.6,7.0,.369,1.8,3.7,.477,.527,1.6,1.8,.847,0.8,4.8,5.6,1.9,1.6,0.7,1.9,3.0,12.8
110,Allen Crabbe\crabbal01,SG,25,BRK,55,48,29.5,4.3,10.8,.397,2.5,6.9,.363,1.8,3.9,.456,.513,1.4,1.7,.840,0.4,4.0,4.4,1.6,0.6,0.4,1.2,2.2,12.5
111,Torrey Craig\craigto01,SF,27,DEN,26,4,16.1,1.6,3.5,.451,0.4,1.5,.263,1.2,2.0,.585,.505,0.7,1.1,.655,1.0,2.0,3.0,0.7,0.3,0.2,0.4,1.6,4.3
112,Jamal Crawford\crawfja01,SG,37,MIN,59,0,19.0,3.7,8.8,.426,1.3,3.7,.341,2.5,5.1,.487,.497,1.3,1.5,.898,0.2,0.9,1.1,2.3,0.5,0.1,1.1,1.0,10.1
113,Jordan Crawford\crawfjo02,SG,29,NOP,2,0,18.5,3.5,7.0,.500,2.0,2.5,.800,1.5,4.5,.333,.643,0.0,0.0,,1.0,0.5,1.5,4.5,0.0,0.5,2.0,3.0,9.0
114,Jae Crowder\crowdja01,SF,27,TOT,56,47,25.6,3.1,7.3,.417,1.2,3.7,.332,1.8,3.7,.502,.500,1.6,1.9,.846,0.7,2.6,3.4,1.1,0.8,0.2,0.8,2.4,8.9
114,Jae Crowder\crowdja01,SF,27,CLE,53,47,25.4,3.0,7.1,.418,1.2,3.6,.328,1.8,3.5,.508,.500,1.5,1.7,.848,0.8,2.5,3.3,1.1,0.8,0.2,0.8,2.3,8.6
114,Jae Crowder\crowdja01,SF,27,UTA,3,0,29.0,4.7,11.3,.412,2.0,5.3,.375,2.7,6.0,.444,.500,3.3,4.0,.833,0.0,5.0,5.0,2.0,1.0,0.0,1.7,3.0,14.7
115,Dante Cunningham\cunnida01,SF,30,TOT,54,24,21.8,1.9,4.4,.439,0.6,2.1,.315,1.3,2.4,.547,.513,0.4,0.7,.541,1.0,2.8,3.8,0.6,0.6,0.3,0.4,1.5,4.9
115,Dante Cunningham\cunnida01,SF,30,NOP,51,24,21.9,1.9,4.4,.440,0.7,2.1,.324,1.3,2.3,.547,.518,0.4,0.7,.556,1.0,2.8,3.8,0.5,0.5,0.3,0.3,1.5,5.0
115,Dante Cunningham\cunnida01,SF,30,BRK,3,0,20.0,2.0,4.7,.429,0.0,1.0,.000,2.0,3.7,.545,.429,0.0,0.3,.000,1.3,2.7,4.0,1.7,1.3,0.3,1.7,1.7,4.0
116,Stephen Curry\curryst01,PG,29,GSW,43,43,32.9,8.4,17.2,.490,4.1,10.0,.413,4.3,7.2,.597,.610,5.5,6.0,.915,0.7,4.4,5.2,6.5,1.6,0.1,3.1,2.3,26.6
117,Troy Daniels\danietr01,SG,26,PHO,59,4,19.2,2.7,6.8,.401,2.2,5.5,.399,0.5,1.3,.410,.562,0.8,0.8,.918,0.1,1.1,1.3,0.6,0.2,0.1,0.7,1.8,8.4
118,Anthony Davis\davisan02,PF,24,NOP,51,51,36.4,10.0,18.6,.541,0.8,2.1,.367,9.3,16.4,.563,.562,6.5,7.9,.820,2.4,8.3,10.7,2.4,1.3,2.1,2.1,2.0,27.4
119,Deyonta Davis\davisde01,C,21,MEM,39,1,12.9,2.3,3.5,.638,0.0,0.0,,2.3,3.5,.638,.638,0.6,0.9,.686,1.1,2.5,3.6,0.5,0.3,0.7,0.6,1.8,5.1
120,Ed Davis\davised01,C,28,POR,58,0,18.7,2.2,3.9,.578,0.0,0.0,,2.2,3.9,.578,.578,1.1,1.6,.667,2.4,4.8,7.2,0.5,0.5,0.7,0.9,2.5,5.6
121,Dewayne Dedmon\dedmode01,C,28,ATL,40,24,23.6,4.1,7.4,.557,0.8,2.0,.385,3.4,5.5,.619,.608,1.1,1.4,.782,1.7,5.8,7.5,1.4,0.5,0.7,1.3,2.9,10.1
122,Sam Dekker\dekkesa01,PF,23,LAC,51,1,13.6,1.8,3.9,.463,0.2,1.1,.161,1.6,2.8,.579,.485,0.6,0.8,.674,0.6,1.9,2.5,0.6,0.4,0.1,0.5,1.0,4.4
123,Malcolm Delaney\delanma01,PG,28,ATL,51,3,19.1,2.0,5.3,.382,0.8,2.3,.359,1.2,3.0,.400,.460,1.3,1.6,.795,0.2,1.7,1.9,3.0,0.6,0.1,1.3,1.5,6.2
124,Matthew Dellavedova\dellama01,PG,27,MIL,37,3,19.0,1.5,4.0,.369,0.8,2.1,.377,0.7,1.9,.361,.466,0.6,0.7,.920,0.4,1.4,1.7,3.8,0.4,0.0,1.3,1.8,4.4
125,Luol Deng\denglu01,SF,32,LAL,1,1,13.0,1.0,2.0,.500,0.0,0.0,,1.0,2.0,.500,.500,0.0,0.0,,0.0,0.0,0.0,1.0,1.0,0.0,1.0,0.0,2.0
126,DeMar DeRozan\derozde01,SG,28,TOR,57,57,34.0,8.3,18.1,.460,1.2,3.5,.330,7.2,14.6,.492,.492,5.9,7.1,.827,0.8,3.2,3.9,5.2,1.2,0.3,2.2,1.8,23.7
127,Cheick Diallo\diallch01,PF,21,NOP,30,0,8.6,1.5,2.8,.548,0.0,0.0,,1.5,2.8,.548,.548,0.7,0.9,.808,0.6,2.3,3.0,0.2,0.1,0.2,0.3,1.2,3.8
128,Gorgui Dieng\dienggo01,C,28,MIN,58,0,17.5,2.5,5.2,.492,0.2,0.8,.283,2.3,4.4,.530,.513,1.1,1.4,.762,1.3,3.2,4.5,1.0,0.7,0.5,0.8,1.9,6.4
129,Spencer Dinwiddie\dinwisp01,PG,24,BRK,58,48,29.0,4.3,11.2,.388,1.9,5.8,.338,2.4,5.4,.441,.475,2.9,3.6,.821,0.5,2.8,3.3,6.7,0.8,0.3,1.6,2.4,13.6
130,Tyler Dorsey\dorsety01,SG,21,ATL,33,1,12.7,1.7,4.5,.374,0.9,2.5,.358,0.8,2.0,.394,.473,0.6,0.9,.690,0.3,1.5,1.8,1.2,0.2,0.1,0.3,0.6,4.8
131,Damyean Dotson\dotsoda01,SG,23,NYK,26,2,8.7,1.1,2.7,.420,0.3,1.2,.258,0.8,1.5,.553,.478,0.3,0.3,.778,0.2,1.2,1.4,0.5,0.2,0.0,0.2,0.6,2.8
132,Milton Doyle\doylemi01,SG,24,BRK,6,0,10.5,1.2,4.2,.280,0.3,2.2,.154,0.8,2.0,.417,.320,0.3,0.5,.667,0.3,1.2,1.5,0.7,0.3,0.2,0.3,0.5,3.0
133,PJ Dozier\doziepj01,PG,21,OKC,2,0,1.5,0.5,1.0,.500,0.0,0.0,,0.5,1.0,.500,.500,0.0,0.0,,0.0,0.5,0.5,0.0,0.0,0.0,0.5,0.5,1.0
134,Goran Dragic\dragigo01,PG,31,MIA,53,53,31.8,6.5,14.7,.440,1.5,4.2,.360,5.0,10.5,.471,.491,2.9,3.8,.765,0.7,3.3,4.0,4.7,0.8,0.2,2.3,2.3,17.4
135,Larry Drew\drewla02,PG,27,PHI,3,0,5.0,0.3,2.3,.143,0.0,1.0,.000,0.3,1.3,.250,.143,0.0,0.0,,0.3,0.0,0.3,0.7,0.0,0.0,0.3,0.7,0.7
136,Andre Drummond\drumman01,C,24,DET,55,55,33.4,6.0,11.2,.535,0.0,0.1,.000,6.0,11.1,.540,.535,3.1,5.0,.625,5.0,10.7,15.7,3.6,1.6,1.6,2.7,3.2,15.1
137,Jared Dudley\dudleja01,PF,32,PHO,32,0,13.9,0.9,2.4,.359,0.5,1.6,.327,0.3,0.8,.423,.468,0.6,0.6,.900,0.2,1.5,1.7,1.8,0.5,0.1,0.5,1.6,2.8
138,Kris Dunn\dunnkr01,PG,23,CHI,41,32,29.4,5.7,13.2,.431,0.8,2.5,.317,4.9,10.7,.458,.461,1.3,1.9,.711,0.5,4.0,4.6,6.3,2.0,0.4,2.9,3.3,13.5
139,Kevin Durant\duranke01,PF,29,GSW,50,50,34.5,9.2,17.6,.523,2.6,6.1,.421,6.7,11.6,.576,.595,5.0,5.6,.886,0.5,6.3,6.8,5.5,0.8,1.9,3.1,2.1,26.0
140,Jarell Eddie\eddieja01,SF,26,BOS,2,0,3.0,0.0,0.5,.000,0.0,0.5,.000,0.0,0.0,,.000,0.0,0.0,,0.0,0.5,0.5,0.0,0.5,0.0,0.0,0.0,0.0
141,Henry Ellenson\ellenhe01,PF,21,DET,22,0,6.6,1.0,3.0,.333,0.4,1.2,.333,0.6,1.8,.333,.402,0.0,0.1,.333,0.3,1.5,1.8,0.4,0.1,0.0,0.4,0.5,2.5
142,Wayne Ellington\ellinwa01,SG,30,MIA,57,2,26.6,3.7,9.1,.406,2.9,7.6,.387,0.8,1.5,.500,.567,0.8,1.0,.842,0.3,2.7,3.0,1.0,0.6,0.1,0.6,1.1,11.2
143,Joel Embiid\embiijo01,C,23,PHI,44,44,31.4,8.3,17.1,.487,1.0,3.3,.297,7.3,13.8,.532,.515,6.1,7.7,.785,2.2,8.9,11.1,3.1,0.6,1.8,4.0,3.4,23.7
144,James Ennis\ennisja01,SF,27,TOT,48,14,23.1,2.5,5.0,.492,0.7,1.9,.356,1.8,3.1,.573,.558,1.5,1.7,.867,1.2,2.3,3.4,1.1,0.7,0.3,0.8,1.8,7.1
144,James Ennis\ennisja01,SF,27,MEM,45,14,23.4,2.4,4.9,.486,0.7,1.9,.357,1.7,3.1,.565,.554,1.4,1.6,.877,1.2,2.3,3.5,1.1,0.7,0.3,0.8,1.8,6.9
144,James Ennis\ennisja01,SF,27,DET,3,0,18.0,3.3,6.0,.556,0.7,2.0,.333,2.7,4.0,.667,.611,2.7,3.3,.800,1.0,1.7,2.7,0.7,0.7,0.3,0.0,1.3,10.0
145,Tyler Ennis\ennisty01,PG,23,LAL,34,11,10.9,1.3,3.5,.367,0.2,1.0,.182,1.1,2.6,.437,.392,0.4,0.5,.722,0.3,1.2,1.5,1.6,0.4,0.1,0.4,1.4,3.1
146,Jawun Evans\evansja01,PG,21,LAC,38,4,18.4,2.2,6.3,.343,0.3,1.3,.265,1.8,5.0,.363,.370,1.0,1.2,.787,0.2,1.8,2.0,2.4,0.9,0.2,1.1,2.2,5.6
147,Tyreke Evans\evansty01,PG,28,MEM,48,28,31.0,7.1,15.6,.455,2.1,5.4,.395,4.9,10.1,.487,.523,3.1,4.0,.795,0.9,4.3,5.1,5.0,1.0,0.3,2.1,1.9,19.5
148,Kenneth Faried\farieke01,PF,28,DEN,32,7,14.4,2.4,4.6,.514,0.0,0.0,.000,2.4,4.6,.517,.514,1.1,1.6,.706,2.1,2.7,4.8,0.6,0.4,0.4,0.7,1.6,5.9
149,Derrick Favors\favorde01,C,26,UTA,55,55,28.2,5.1,9.3,.551,0.1,0.6,.212,5.0,8.7,.574,.558,2.1,3.0,.693,2.6,4.8,7.4,1.3,0.8,1.0,1.3,2.2,12.4
150,Kay Felder\feldeka01,PG,22,TOT,15,0,9.1,1.3,4.5,.294,0.3,1.3,.211,1.1,3.3,.327,.324,0.7,0.8,.917,0.1,0.9,1.0,1.3,0.2,0.1,1.1,0.7,3.7
150,Kay Felder\feldeka01,PG,22,CHI,14,0,9.6,1.4,4.7,.303,0.3,1.3,.222,1.1,3.4,.333,.333,0.8,0.9,.917,0.1,0.9,1.0,1.4,0.2,0.1,1.1,0.8,3.9
150,Kay Felder\feldeka01,PG,22,DET,1,0,3.0,0.0,2.0,.000,0.0,1.0,.000,0.0,1.0,.000,.000,0.0,0.0,,1.0,0.0,1.0,0.0,0.0,0.0,1.0,0.0,0.0
151,Cristiano Felicio\feliccr01,C,25,CHI,31,0,12.8,1.5,2.6,.585,0.0,0.0,,1.5,2.6,.585,.585,0.7,1.2,.611,1.1,1.6,2.7,0.7,0.1,0.2,0.6,1.7,3.8
152,Raymond Felton\feltora01,PG,33,OKC,59,2,17.3,2.7,6.7,.409,0.9,2.6,.346,1.8,4.1,.450,.477,0.5,0.7,.800,0.3,1.7,2.1,2.7,0.6,0.2,0.9,1.0,6.9
153,Terrance Ferguson\fergute01,SG,19,OKC,43,12,12.5,1.1,2.8,.388,0.6,2.0,.286,0.5,0.9,.622,.488,0.1,0.1,.833,0.4,0.4,0.8,0.3,0.4,0.1,0.2,1.5,2.9
154,Yogi Ferrell\ferreyo01,SG,24,DAL,58,17,29.0,3.7,8.6,.429,1.7,4.3,.391,2.0,4.4,.466,.526,1.1,1.4,.805,0.4,2.9,3.3,2.2,0.7,0.1,1.1,2.1,10.2
155,Dorian Finney-Smith\finnedo01,PF,24,DAL,8,1,11.8,1.3,2.8,.455,0.6,1.8,.357,0.6,1.0,.625,.568,0.1,0.3,.500,0.6,0.6,1.3,0.6,0.0,0.1,0.9,1.6,3.3
156,Bryn Forbes\forbebr01,SG,24,SAS,59,12,20.7,2.9,7.0,.416,1.3,3.3,.376,1.6,3.6,.453,.506,0.5,0.9,.604,0.2,1.4,1.5,1.0,0.4,0.0,0.6,1.6,7.6
157,Evan Fournier\fournev01,SF,25,ORL,49,49,32.3,6.5,14.2,.461,2.2,5.7,.384,4.3,8.4,.513,.539,2.6,3.0,.872,0.4,2.7,3.1,2.9,0.9,0.3,1.8,2.4,17.9
158,De'Aaron Fox\foxde01,PG,20,SAC,50,37,27.2,4.3,10.5,.410,0.6,1.9,.326,3.7,8.6,.428,.439,2.0,2.8,.734,0.5,2.2,2.6,4.3,1.0,0.2,2.4,2.3,11.3
159,Tim Frazier\fraziti01,PG,27,WAS,43,11,15.3,1.3,3.1,.415,0.3,1.0,.333,1.0,2.1,.456,.470,0.3,0.5,.700,0.3,1.6,1.9,3.7,0.9,0.1,1.1,1.7,3.3
160,Channing Frye\fryech01,C,34,TOT,45,1,12.4,1.9,3.8,.500,0.7,2.0,.341,1.2,1.8,.684,.591,0.3,0.3,.933,0.2,2.2,2.5,0.6,0.4,0.3,0.4,1.2,4.8
160,Channing Frye\fryech01,C,34,CLE,44,1,12.4,1.9,3.8,.497,0.7,2.0,.333,1.2,1.8,.684,.586,0.3,0.3,.933,0.2,2.3,2.5,0.6,0.4,0.3,0.4,1.2,4.8
160,Channing Frye\fryech01,C,34,LAL,1,0,11.0,1.0,1.0,1.000,1.0,1.0,1.000,0.0,0.0,,1.500,0.0,0.0,,0.0,0.0,0.0,0.0,0.0,0.0,0.0,2.0,3.0
161,Markelle Fultz\fultzma01,SG,19,PHI,4,0,19.0,2.3,6.8,.333,0.0,0.0,,2.3,6.8,.333,.333,1.5,3.0,.500,0.8,1.5,2.3,1.8,0.5,0.3,1.5,1.5,6.0
162,Danilo Gallinari\gallida01,SF,29,LAC,18,18,32.3,5.2,12.6,.412,1.8,5.7,.324,3.3,6.9,.484,.485,3.8,3.9,.972,0.4,4.6,5.0,2.1,0.6,0.3,1.2,1.5,16.0
163,Langston Galloway\gallola01,SG,26,DET,46,2,15.0,2.2,5.8,.383,1.4,3.9,.354,0.9,2.0,.440,.500,0.6,0.7,.794,0.2,1.4,1.6,1.1,0.6,0.1,0.3,0.8,6.4
164,Marc Gasol\gasolma01,C,33,MEM,55,55,33.9,6.1,14.7,.414,1.4,4.3,.326,4.7,10.5,.450,.462,4.1,4.9,.841,1.2,7.2,8.4,4.0,0.7,1.5,2.7,2.5,17.7
165,Pau Gasol\gasolpa01,C,37,SAS,56,53,24.8,3.9,8.5,.462,0.7,1.7,.396,3.3,6.8,.479,.502,2.1,2.7,.781,1.6,6.8,8.4,3.3,0.3,1.0,1.5,1.5,10.7
166,Rudy Gay\gayru01,PF,31,SAS,34,5,22.7,4.3,9.1,.476,0.7,2.0,.333,3.6,7.1,.517,.513,2.1,2.7,.785,1.4,3.8,5.2,1.5,0.8,0.6,1.6,1.8,11.5
167,Paul George\georgpa01,SF,27,OKC,56,56,36.5,7.6,17.0,.448,3.3,7.7,.432,4.3,9.2,.462,.547,4.0,4.9,.804,0.9,4.5,5.4,3.1,2.2,0.5,2.7,2.9,22.5
168,Marcus Georges-Hunt\georgma01,SG,23,MIN,34,0,5.7,0.5,1.2,.390,0.1,0.4,.214,0.4,0.8,.481,.427,0.2,0.5,.500,0.2,0.2,0.4,0.2,0.1,0.0,0.1,0.8,1.3
169,Taj Gibson\gibsota01,PF,32,MIN,61,61,33.6,5.3,9.2,.575,0.1,0.5,.226,5.2,8.7,.595,.581,1.7,2.2,.780,2.4,4.8,7.3,1.3,0.8,0.8,1.0,2.6,12.4
170,Manu Ginobili\ginobma01,SG,40,SAS,45,0,20.5,3.3,7.5,.444,1.1,3.2,.340,2.2,4.3,.521,.516,1.6,1.8,.855,0.3,1.8,2.1,2.5,0.6,0.3,1.7,2.0,9.3
171,Rudy Gobert\goberru01,C,25,UTA,32,32,31.0,4.5,7.7,.579,0.0,0.0,,4.5,7.7,.579,.579,3.5,5.2,.685,2.7,7.4,10.1,1.4,0.6,2.3,1.8,2.7,12.5
172,Aaron Gordon\gordoaa01,PF,22,ORL,39,38,34.0,6.7,15.0,.447,2.0,5.8,.346,4.7,9.1,.511,.515,3.0,4.2,.718,1.7,6.6,8.3,2.2,0.9,0.7,1.9,2.0,18.4
173,Eric Gordon\gordoer01,SG,29,HOU,51,24,31.8,6.1,14.6,.418,3.0,9.0,.334,3.1,5.6,.552,.521,3.2,3.9,.819,0.4,1.9,2.3,2.4,0.6,0.4,2.0,1.7,18.5
174,Marcin Gortat\gortama01,C,33,WAS,57,57,26.3,3.7,7.0,.533,0.0,0.0,,3.7,7.0,.533,.533,1.3,2.1,.617,2.3,5.7,8.0,1.9,0.6,0.7,1.2,2.2,8.8
175,Treveon Graham\grahatr01,SG,24,CHO,44,1,17.3,1.7,3.9,.442,0.8,1.7,.446,1.0,2.2,.439,.538,0.7,1.0,.727,0.7,1.5,2.2,1.0,0.5,0.0,0.5,1.7,4.9
176,Jerami Grant\grantje01,PF,23,OKC,58,1,20.7,2.9,5.6,.512,0.3,1.3,.256,2.5,4.2,.593,.543,1.8,2.7,.646,1.1,3.0,4.1,0.8,0.4,0.9,0.7,2.0,7.8
177,Jerian Grant\grantje02,PG,25,CHI,57,26,23.6,2.9,6.7,.427,0.8,2.5,.340,2.0,4.3,.477,.490,1.9,2.5,.750,0.5,2.2,2.7,5.0,0.8,0.1,1.3,1.8,8.5
178,Josh Gray\grayjo01,PG,24,PHO,5,0,17.2,2.2,8.2,.268,0.6,2.6,.231,1.6,5.6,.286,.305,1.4,2.2,.636,0.4,1.6,2.0,2.4,1.6,0.4,1.4,1.6,6.4
179,Danny Green\greenda02,SG,30,SAS,48,48,26.3,3.3,8.0,.404,1.7,4.5,.375,1.6,3.5,.441,.509,0.6,0.7,.771,0.6,3.1,3.6,1.8,1.0,1.1,1.1,1.6,8.8
180,Draymond Green\greendr01,PF,27,GSW,50,50,32.7,4.1,9.1,.446,1.1,3.7,.299,3.0,5.5,.546,.507,2.1,2.7,.772,1.3,6.7,8.0,7.3,1.3,1.5,2.8,2.6,11.4
181,Gerald Green\greenge01,SG,32,HOU,21,0,24.2,4.2,10.4,.408,2.9,7.4,.391,1.3,3.0,.452,.548,1.5,1.9,.821,0.4,2.4,2.8,0.4,0.6,0.4,0.7,2.4,12.9
182,JaMychal Green\greenja01,PF,27,MEM,36,35,26.4,3.9,8.4,.459,0.8,2.3,.333,3.1,6.1,.507,.505,1.4,1.9,.743,2.6,4.9,7.5,1.3,0.6,0.3,1.3,2.6,9.9
183,Jeff Green\greenje02,PF,31,CLE,56,0,22.4,3.7,7.6,.489,0.6,1.8,.320,3.2,5.8,.541,.527,2.7,3.1,.868,0.9,2.5,3.4,1.3,0.5,0.4,0.9,1.9,10.7
184,Blake Griffin\griffbl01,PF,28,TOT,41,41,34.4,7.6,17.5,.434,1.9,5.8,.332,5.7,11.7,.485,.490,5.1,6.4,.791,1.4,6.5,8.0,5.6,0.9,0.3,2.9,2.4,22.2
184,Blake Griffin\griffbl01,PF,28,LAC,33,33,34.5,7.7,17.5,.441,1.9,5.7,.342,5.8,11.8,.488,.497,5.2,6.6,.785,1.4,6.5,7.9,5.4,0.9,0.3,3.0,2.4,22.6
184,Blake Griffin\griffbl01,PF,28,DET,8,8,34.0,7.0,17.3,.406,1.9,6.4,.294,5.1,10.9,.471,.460,4.5,5.5,.818,1.6,6.4,8.0,6.1,0.6,0.5,2.6,2.8,20.4
185,Daniel Hamilton\hamilda02,SG,22,OKC,4,0,6.3,1.3,2.8,.455,0.5,1.3,.400,0.8,1.5,.500,.545,0.0,0.0,,0.0,1.3,1.3,1.8,0.3,0.0,0.5,0.0,3.0
186,Tim Hardaway\hardati02,SG,25,NYK,37,34,32.6,6.0,14.6,.410,2.2,7.1,.317,3.8,7.5,.498,.487,2.5,3.2,.780,0.6,3.4,4.1,2.8,1.2,0.2,1.6,2.1,16.7
187,James Harden\hardeja01,SG,28,HOU,50,50,35.8,9.3,20.8,.448,4.1,10.7,.384,5.2,10.0,.516,.547,8.6,9.9,.865,0.5,4.6,5.1,9.0,1.8,0.7,4.2,2.4,31.3
188,Maurice Harkless\harklma01,SF,24,POR,47,24,20.6,2.2,4.7,.462,0.7,1.8,.365,1.5,2.9,.522,.531,0.5,0.8,.676,0.7,2.0,2.7,0.7,0.7,0.7,0.8,1.7,5.6
189,Montrezl Harrell\harremo01,C,24,LAC,50,3,15.4,3.8,6.1,.616,0.0,0.0,.000,3.8,6.1,.620,.616,1.6,2.5,.630,1.3,2.6,3.9,0.7,0.5,0.7,0.8,1.7,9.1
190,Devin Harris\harride01,PG,34,TOT,47,1,18.5,2.6,6.4,.412,1.0,2.9,.350,1.6,3.5,.463,.492,2.1,2.5,.839,0.2,1.7,1.9,2.0,0.8,0.2,1.1,2.3,8.4
190,Devin Harris\harride01,PG,34,DAL,44,1,18.3,2.7,6.5,.415,1.0,2.8,.352,1.7,3.6,.465,.493,2.1,2.5,.830,0.2,1.7,1.9,1.9,0.8,0.2,1.1,2.3,8.5
190,Devin Harris\harride01,PG,34,DEN,3,0,20.3,2.0,5.7,.353,1.3,4.0,.333,0.7,1.7,.400,.471,2.0,2.0,1.000,0.0,1.3,1.3,2.7,1.0,0.0,1.0,2.3,7.3
191,Gary Harris\harriga01,SG,23,DEN,54,54,34.9,6.6,13.6,.484,2.4,6.0,.398,4.2,7.6,.551,.572,2.0,2.4,.829,0.6,2.1,2.7,3.1,1.8,0.2,1.9,1.8,17.5
192,Joe Harris\harrijo01,SG,26,BRK,57,9,25.2,3.8,8.1,.473,1.9,4.7,.398,1.9,3.4,.575,.588,1.0,1.2,.800,0.6,2.7,3.4,1.5,0.5,0.2,1.0,1.9,10.5
193,Tobias Harris\harrito02,PF,25,TOT,54,54,32.9,6.7,14.9,.450,2.3,5.7,.402,4.4,9.3,.480,.527,2.3,2.7,.824,0.8,4.5,5.3,2.0,0.8,0.3,1.1,1.9,18.0
193,Tobias Harris\harrito02,PF,25,DET,48,48,32.6,6.7,14.8,.451,2.4,5.8,.409,4.3,9.0,.478,.531,2.4,2.8,.846,0.8,4.3,5.1,2.0,0.7,0.3,1.1,1.9,18.1
193,Tobias Harris\harrito02,PF,25,LAC,6,6,35.2,7.2,16.2,.443,1.7,5.0,.333,5.5,11.2,.493,.495,1.2,2.0,.583,1.2,5.7,6.8,2.7,1.5,0.3,1.3,1.8,17.2
194,Andrew Harrison\harrian01,PG,23,MEM,48,38,22.5,3.0,7.0,.424,0.8,2.3,.357,2.1,4.6,.457,.484,2.0,2.5,.815,0.4,1.8,2.2,2.8,0.7,0.5,1.5,2.5,8.8
195,Josh Hart\hartjo01,SG,22,LAL,52,17,21.0,2.3,4.8,.468,1.0,2.6,.397,1.2,2.2,.552,.575,0.7,1.1,.655,0.5,3.1,3.6,1.1,0.7,0.2,0.6,1.6,6.3
196,Udonis Haslem\hasleud01,C,37,MIA,8,0,5.6,0.3,0.6,.400,0.1,0.4,.333,0.1,0.3,.500,.500,0.0,0.0,,0.3,0.4,0.6,0.4,0.0,0.1,0.3,0.3,0.6
197,Nigel Hayes\hayesni01,SF,23,LAL,2,0,5.5,0.5,1.5,.333,0.0,1.0,.000,0.5,0.5,1.000,.333,0.5,0.5,1.000,0.0,0.0,0.0,1.0,0.0,0.0,0.0,0.0,1.5
198,Gordon Hayward\haywago01,SF,27,BOS,1,1,5.0,1.0,2.0,.500,0.0,1.0,.000,1.0,1.0,1.000,.500,0.0,0.0,,0.0,1.0,1.0,0.0,0.0,0.0,0.0,1.0,2.0
199,Reggie Hearn\hearnre01,SG,26,DET,1,0,3.0,1.0,1.0,1.000,1.0,1.0,1.000,0.0,0.0,,1.500,0.0,0.0,,0.0,0.0,0.0,0.0,0.0,0.0,0.0,0.0,3.0
200,Myke Henry\henrymy01,SF,25,MEM,8,0,18.8,1.9,4.9,.385,1.3,3.3,.385,0.6,1.6,.385,.513,0.5,0.9,.571,0.3,1.4,1.6,1.0,1.1,0.5,0.8,1.0,5.5
201,John Henson\hensojo01,C,27,MIL,52,45,25.3,3.8,6.4,.587,0.0,0.1,.000,3.8,6.3,.594,.587,1.4,2.3,.597,2.0,4.9,6.9,1.4,0.5,1.4,1.2,2.8,8.9
202,Juan Hernangomez\hernaju01,PF,22,DEN,21,3,11.1,1.1,2.9,.383,0.5,1.9,.282,0.6,1.0,.571,.475,0.4,0.5,.818,0.8,1.6,2.3,0.4,0.3,0.1,0.3,0.9,3.1
203,Willy Hernangomez\hernawi01,C,23,NYK,26,0,9.0,1.9,3.1,.605,0.0,0.2,.200,1.8,2.9,.632,.611,0.5,1.1,.429,0.8,1.7,2.6,0.8,0.3,0.3,1.0,1.2,4.3
204,Mario Hezonja\hezonma01,SF,22,ORL,50,16,19.7,3.4,7.2,.469,1.1,3.1,.350,2.3,4.1,.562,.546,0.9,1.1,.804,0.6,2.9,3.5,1.1,0.9,0.3,1.0,1.8,8.8
205,Isaiah Hicks\hicksis01,PF,23,NYK,2,0,12.5,1.5,3.0,.500,0.0,0.5,.000,1.5,2.5,.600,.500,0.5,1.0,.500,0.0,0.5,0.5,0.5,0.0,0.0,0.5,2.5,3.5
206,Buddy Hield\hieldbu01,SG,24,SAC,55,11,23.7,4.8,10.9,.437,2.1,4.9,.425,2.7,6.0,.447,.533,0.9,1.0,.873,0.5,2.9,3.4,1.5,0.9,0.2,1.4,1.7,12.5
207,Nene Hilario\hilarne01,C,35,HOU,39,3,14.9,2.8,4.8,.597,0.0,0.1,.000,2.8,4.7,.603,.597,1.3,2.0,.649,0.9,2.4,3.3,1.0,0.5,0.2,0.8,2.5,7.0
208,George Hill\hillge01,PG,31,TOT,45,38,26.4,3.5,7.6,.466,1.4,3.0,.449,2.2,4.6,.478,.556,1.8,2.3,.786,0.5,2.2,2.7,2.8,0.9,0.3,1.4,1.8,10.2
208,George Hill\hillge01,PG,31,SAC,43,36,26.6,3.6,7.6,.469,1.3,3.0,.453,2.2,4.6,.480,.558,1.8,2.3,.778,0.5,2.2,2.7,2.8,0.9,0.3,1.4,1.7,10.3
208,George Hill\hillge01,PG,31,CLE,2,2,22.5,3.0,7.5,.400,1.5,4.0,.375,1.5,3.5,.429,.500,2.0,2.0,1.000,0.5,1.5,2.0,2.5,0.5,0.0,1.5,3.0,9.5
209,Darrun Hilliard\hillida01,SG,24,SAS,14,0,6.8,0.4,1.4,.263,0.0,0.4,.000,0.4,0.9,.385,.263,0.4,0.5,.857,0.0,0.5,0.5,0.8,0.1,0.0,0.3,0.5,1.1
210,Jrue Holiday\holidjr01,SG,27,NOP,57,57,36.7,7.3,15.0,.488,1.5,4.8,.325,5.8,10.3,.564,.540,2.4,3.1,.787,0.6,3.7,4.3,5.5,1.5,0.7,2.5,2.3,18.6
211,Justin Holiday\holidju01,SG,28,CHI,56,56,34.1,4.3,11.4,.379,2.4,6.5,.374,1.9,4.9,.387,.486,2.1,2.6,.819,0.5,4.0,4.5,2.3,1.1,0.5,1.3,1.9,13.2
212,John Holland\hollajo02,SF,29,CLE,6,0,5.8,0.3,1.5,.222,0.3,1.2,.286,0.0,0.3,.000,.333,0.0,0.0,,0.0,0.3,0.3,0.0,0.3,0.0,0.2,0.3,1.0
213,Rondae Hollis-Jefferson\holliro01,SF,23,BRK,46,45,28.3,5.2,11.0,.472,0.3,0.9,.279,4.9,10.1,.490,.484,3.7,4.7,.794,1.5,5.0,6.5,2.3,0.8,0.7,1.7,2.1,14.3
214,Richaun Holmes\holmeri01,C,24,PHI,28,2,15.4,2.7,5.1,.528,0.1,0.9,.125,2.6,4.3,.608,.538,0.8,1.1,.677,1.3,3.3,4.6,1.1,0.4,0.5,0.6,2.3,6.3
215,Rodney Hood\hoodro01,SG,25,TOT,41,12,27.5,6.0,14.0,.428,2.7,6.7,.395,3.3,7.2,.458,.523,2.1,2.4,.876,0.3,2.5,2.8,1.6,0.8,0.2,1.6,1.7,16.7
215,Rodney Hood\hoodro01,SG,25,UTA,39,12,27.8,6.0,14.2,.424,2.6,6.7,.389,3.4,7.4,.455,.516,2.2,2.5,.876,0.4,2.5,2.8,1.7,0.8,0.2,1.6,1.6,16.8
215,Rodney Hood\hoodro01,SG,25,CLE,2,0,21.5,5.5,10.5,.524,3.5,7.0,.500,2.0,3.5,.571,.690,0.0,0.0,,0.0,2.5,2.5,0.0,1.5,0.5,0.5,2.5,14.5
216,Al Horford\horfoal01,C,31,BOS,54,54,32.2,5.4,10.5,.508,1.4,3.3,.436,3.9,7.2,.541,.576,1.1,1.5,.735,1.4,6.3,7.7,5.1,0.6,1.2,2.0,2.0,13.3
217,Danuel House\houseda01,SG,24,PHO,16,0,12.1,1.6,4.2,.373,0.5,1.9,.258,1.1,2.3,.472,.433,1.0,1.2,.842,0.6,1.8,2.3,0.5,0.3,0.1,0.3,0.9,4.6
218,Dwight Howard\howardw01,C,32,CHO,57,57,31.0,5.9,10.9,.541,0.0,0.1,.000,5.9,10.8,.545,.541,4.0,7.2,.553,3.3,9.3,12.6,1.4,0.7,1.6,2.8,3.2,15.8
219,Josh Huestis\huestjo01,PF,26,OKC,53,3,14.5,0.8,2.6,.331,0.4,1.6,.267,0.4,0.9,.440,.415,0.1,0.3,.235,0.6,1.7,2.3,0.3,0.3,0.7,0.4,1.4,2.2
220,R.J. Hunter\hunterj01,SG,24,HOU,2,0,1.0,0.0,0.0,,0.0,0.0,,0.0,0.0,,,0.0,0.0,,0.0,0.5,0.5,1.0,0.0,0.0,0.0,0.0,0.0
221,Vince Hunter\huntevi01,PF,23,MEM,4,0,1.8,0.8,1.3,.600,0.0,0.0,,0.8,1.3,.600,.600,0.0,0.0,,0.5,0.3,0.8,0.0,0.0,0.3,0.3,0.0,1.5
222,Serge Ibaka\ibakase01,PF,28,TOR,52,52,27.8,5.2,10.4,.496,1.3,3.8,.354,3.8,6.6,.579,.561,1.2,1.5,.788,0.9,5.3,6.2,0.8,0.3,1.3,1.2,2.8,12.9
223,Andre Iguodala\iguodan01,SF,34,GSW,49,4,25.5,2.1,4.8,.436,0.4,1.7,.229,1.7,3.1,.550,.476,0.9,1.4,.632,0.8,2.9,3.8,3.3,0.8,0.6,1.0,1.5,5.4
224,Ersan Ilyasova\ilyaser01,PF,30,ATL,46,40,25.5,4.0,8.7,.459,1.3,3.7,.359,2.7,5.0,.532,.535,1.6,2.0,.800,1.6,3.8,5.5,1.1,1.0,0.4,0.9,2.0,10.9
225,Joe Ingles\inglejo01,SF,30,UTA,58,57,30.7,3.9,8.4,.466,2.5,5.6,.453,1.4,2.8,.491,.616,0.5,0.6,.838,0.3,3.8,4.1,4.1,1.1,0.2,1.8,2.1,10.8
226,Brandon Ingram\ingrabr01,SF,20,LAL,53,53,33.8,6.0,13.1,.462,0.7,1.7,.380,5.4,11.3,.474,.487,3.4,5.0,.683,1.0,4.2,5.2,3.7,0.8,0.7,2.5,2.8,16.2
227,Kyrie Irving\irvinky01,PG,25,BOS,53,53,32.8,9.0,18.5,.486,2.7,6.7,.397,6.3,11.8,.536,.558,4.1,4.6,.888,0.5,3.0,3.6,5.0,1.1,0.3,2.3,2.1,24.7
228,Jonathan Isaac\isaacjo01,PF,20,ORL,15,2,19.0,2.0,4.9,.405,0.3,1.2,.278,1.7,3.7,.446,.439,0.9,1.2,.778,0.8,2.9,3.7,0.7,0.7,1.0,1.0,1.7,5.3
229,Wesley Iwundu\iwundwe01,SF,23,ORL,39,3,14.5,1.4,3.1,.450,0.2,0.6,.240,1.2,2.4,.505,.475,0.5,0.7,.741,0.5,1.7,2.2,0.9,0.4,0.2,0.4,1.1,3.4
230,Jarrett Jack\jackja01,PG,34,NYK,57,56,25.9,3.1,7.3,.424,0.4,1.4,.296,2.7,5.9,.455,.453,1.0,1.2,.829,0.4,2.8,3.1,5.8,0.6,0.1,1.9,1.7,7.6
231,Demetrius Jackson\jacksde01,PG,23,HOU,12,0,5.3,0.3,1.2,.286,0.0,0.5,.000,0.3,0.7,.500,.286,0.0,0.0,,0.3,0.6,0.9,0.4,0.3,0.1,0.8,0.5,0.7
232,Josh Jackson\jacksjo02,SF,20,PHO,57,23,23.5,4.3,10.7,.406,0.8,2.8,.267,3.6,7.8,.456,.442,1.8,3.0,.604,1.1,3.0,4.1,1.2,0.8,0.4,1.7,2.8,11.2
233,Justin Jackson\jacksju01,SF,22,SAC,43,16,19.5,2.5,5.7,.433,0.7,2.4,.305,1.7,3.3,.528,.498,0.3,0.5,.652,0.4,2.0,2.4,0.9,0.4,0.2,0.6,1.0,6.1
234,Reggie Jackson\jacksre01,PG,27,DET,33,33,27.1,5.5,12.3,.446,1.3,3.8,.339,4.2,8.5,.493,.498,2.4,2.8,.840,0.7,2.2,2.8,5.5,0.6,0.1,2.5,2.1,14.6
235,LeBron James\jamesle01,PF,33,CLE,56,56,37.0,10.2,18.7,.544,1.8,4.8,.362,8.4,13.8,.608,.591,4.5,6.1,.737,1.1,7.0,8.1,8.9,1.5,1.0,4.4,1.6,26.5
236,Mike James\jamesmi02,PG,27,TOT,36,10,19.1,3.4,8.9,.383,0.7,2.7,.265,2.7,6.2,.435,.424,1.8,2.3,.762,0.4,2.1,2.5,3.5,0.8,0.2,1.4,1.3,9.3
236,Mike James\jamesmi02,PG,27,PHO,32,10,20.9,3.8,9.8,.388,0.8,3.0,.268,3.0,6.7,.442,.429,2.0,2.6,.762,0.4,2.4,2.8,3.8,0.8,0.2,1.5,1.4,10.4
236,Mike James\jamesmi02,PG,27,NOP,4,0,4.5,0.5,2.3,.222,0.0,0.3,.000,0.5,2.0,.250,.222,0.0,0.0,,0.3,0.0,0.3,1.5,0.3,0.0,0.3,0.8,1.0
237,Al Jefferson\jeffeal01,C,33,IND,29,0,13.4,3.1,5.6,.553,0.0,0.0,.000,3.1,5.5,.556,.553,0.6,0.8,.783,0.7,3.0,3.8,0.9,0.4,0.6,0.6,1.8,6.8
238,Richard Jefferson\jefferi01,SF,37,DEN,16,0,8.6,0.6,1.5,.417,0.1,0.4,.286,0.5,1.1,.471,.458,0.3,0.4,.571,0.1,0.8,0.9,0.6,0.1,0.1,0.3,0.6,1.6
239,Jonas Jerebko\jerebjo01,PF,30,UTA,50,17,16.1,2.2,4.7,.462,0.9,2.0,.430,1.3,2.7,.485,.553,0.7,0.8,.825,0.8,2.4,3.2,0.7,0.4,0.2,0.4,2.0,5.8
240,Amir Johnson\johnsam01,C,30,PHI,52,10,15.6,1.9,3.5,.550,0.1,0.3,.278,1.8,3.1,.580,.564,0.7,1.2,.597,1.7,2.7,4.4,1.4,0.7,0.6,0.8,2.7,4.6
241,Brice Johnson\johnsbr02,PF,23,LAC,9,0,4.2,0.8,1.2,.636,0.0,0.1,.000,0.8,1.1,.700,.636,0.2,0.2,1.000,0.2,1.2,1.4,0.1,0.7,0.2,0.4,0.8,1.8
242,Dakari Johnson\johnsda04,C,22,OKC,26,5,5.8,0.8,1.5,.553,0.0,0.0,,0.8,1.5,.553,.553,0.4,0.7,.556,0.6,0.7,1.2,0.3,0.2,0.3,0.1,1.0,2.0
243,James Johnson\johnsja01,PF,30,MIA,50,22,26.6,4.1,8.4,.486,0.8,2.7,.309,3.2,5.7,.570,.536,1.5,2.1,.695,0.8,4.0,4.9,3.9,0.9,0.6,2.1,2.7,10.5
244,Joe Johnson\johnsjo02,SF,36,TOT,33,3,22.2,2.9,7.1,.413,0.7,2.7,.270,2.2,4.4,.500,.464,0.7,0.8,.857,0.4,3.0,3.3,1.4,0.4,0.2,1.0,1.0,7.3
244,Joe Johnson\johnsjo02,SF,36,UTA,32,3,21.9,3.0,7.1,.420,0.7,2.6,.274,2.3,4.4,.507,.471,0.6,0.8,.833,0.4,3.0,3.3,1.4,0.4,0.2,1.0,1.0,7.3
244,Joe Johnson\johnsjo02,SF,36,HOU,1,0,31.0,2.0,9.0,.222,1.0,5.0,.200,1.0,4.0,.250,.278,4.0,4.0,1.000,0.0,3.0,3.0,0.0,1.0,0.0,2.0,1.0,9.0
245,Stanley Johnson\johnsst04,SF,21,DET,46,33,28.0,3.0,7.9,.378,1.0,3.5,.292,2.0,4.4,.446,.442,1.7,2.1,.792,0.5,3.2,3.7,1.6,1.2,0.2,1.0,2.5,8.7
246,Tyler Johnson\johnsty01,PG,25,MIA,50,19,29.3,4.1,9.9,.417,1.6,4.7,.352,2.5,5.2,.475,.500,1.6,2.0,.827,0.5,3.1,3.6,2.3,0.9,0.5,1.2,2.3,11.5
247,Wesley Johnson\johnswe01,SF,30,LAC,51,28,23.2,2.4,5.9,.415,0.9,2.8,.329,1.5,3.1,.494,.493,0.7,1.0,.725,0.4,3.2,3.6,1.0,1.2,1.1,0.9,2.3,6.5
248,Nikola Jokic\jokicni01,C,22,DEN,51,49,31.5,6.2,12.7,.485,1.3,3.6,.363,4.9,9.1,.532,.535,3.3,3.9,.850,2.7,7.9,10.6,5.9,1.2,0.8,2.7,2.7,16.9
249,Damian Jones\jonesda03,C,22,GSW,3,0,2.7,0.0,0.0,,0.0,0.0,,0.0,0.0,,,0.0,0.0,,0.3,0.0,0.3,0.0,0.0,0.3,0.3,1.3,0.0
250,Derrick Jones\jonesde02,SF,20,TOT,16,8,14.1,1.1,2.8,.386,0.1,0.9,.133,0.9,1.8,.517,.409,0.8,1.3,.650,1.1,0.9,1.9,0.5,0.3,0.8,0.4,1.4,3.1
250,Derrick Jones\jonesde02,SF,20,PHO,6,0,5.5,0.3,0.7,.500,0.0,0.3,.000,0.3,0.3,1.000,.500,0.8,1.0,.833,0.3,0.3,0.7,0.5,0.2,0.7,0.2,0.3,1.5
250,Derrick Jones\jonesde02,SF,20,MIA,10,8,19.3,1.5,4.0,.375,0.2,1.3,.154,1.3,2.7,.481,.400,0.8,1.4,.571,1.5,1.2,2.7,0.5,0.3,0.9,0.5,2.0,4.0
251,Jalen Jones\jonesja04,SF,24,TOT,9,0,5.8,0.6,1.4,.385,0.2,0.4,.500,0.3,1.0,.333,.462,0.4,0.6,.800,0.1,1.4,1.6,0.1,0.1,0.0,0.2,0.7,1.8
251,Jalen Jones\jonesja04,SF,24,NOP,4,0,4.8,0.3,1.0,.250,0.3,0.3,1.000,0.0,0.8,.000,.375,0.5,0.5,1.000,0.0,0.8,0.8,0.0,0.0,0.0,0.0,0.5,1.3
251,Jalen Jones\jonesja04,SF,24,DAL,5,0,6.6,0.8,1.8,.444,0.2,0.6,.333,0.6,1.2,.500,.500,0.4,0.6,.667,0.2,2.0,2.2,0.2,0.2,0.0,0.4,0.8,2.2
252,Tyus Jones\jonesty01,PG,21,MIN,61,10,18.1,1.8,4.0,.459,0.5,1.5,.356,1.3,2.5,.520,.525,0.8,0.9,.887,0.2,1.5,1.8,2.7,1.2,0.0,0.7,1.3,4.9
253,DeAndre Jordan\jordade01,C,29,LAC,51,51,32.2,4.8,7.4,.652,0.0,0.0,,4.8,7.4,.652,.652,2.1,3.5,.594,4.3,10.7,15.0,1.4,0.5,1.0,1.8,2.9,11.8
254,Cory Joseph\josepco01,PG,26,IND,58,5,26.2,3.0,7.0,.427,0.8,2.3,.361,2.2,4.7,.460,.486,0.9,1.2,.739,0.4,2.6,3.0,3.2,0.9,0.2,1.0,1.6,7.7
255,Frank Kaminsky\kaminfr01,PF,24,CHO,54,4,23.1,3.8,9.2,.412,1.2,3.6,.335,2.6,5.6,.461,.477,1.7,2.2,.773,0.6,3.0,3.6,1.6,0.5,0.3,0.8,1.2,10.5
256,Enes Kanter\kanteen01,C,25,NYK,55,55,26.1,6.1,10.1,.604,0.0,0.0,.000,6.1,10.1,.606,.604,2.2,2.5,.871,3.6,7.1,10.7,1.6,0.5,0.5,1.9,2.6,14.4
257,Luke Kennard\kennalu01,SG,21,DET,50,4,18.6,2.5,5.8,.436,1.0,2.5,.415,1.5,3.4,.452,.524,0.7,0.8,.850,0.3,1.8,2.1,1.4,0.6,0.2,0.9,1.0,6.8
258,Michael Kidd-Gilchrist\kiddgmi01,SF,24,CHO,50,50,26.2,4.1,8.1,.506,0.0,0.0,.000,4.1,8.1,.509,.506,1.5,2.3,.681,1.2,3.3,4.4,1.1,0.8,0.5,0.6,1.9,9.7
259,Sean Kilpatrick\kilpase01,SG,28,TOT,36,0,9.8,1.5,4.4,.338,0.6,2.3,.272,0.9,2.1,.408,.408,0.9,0.9,.971,0.1,1.5,1.6,0.8,0.1,0.1,0.7,0.6,4.5
259,Sean Kilpatrick\kilpase01,SG,28,BRK,16,0,11.4,1.6,5.4,.291,0.7,2.6,.262,0.9,2.8,.318,.355,1.1,1.2,.947,0.1,2.1,2.2,0.9,0.1,0.1,1.0,0.5,4.9
259,Sean Kilpatrick\kilpase01,SG,28,MIL,20,0,8.6,1.4,3.6,.394,0.6,2.0,.282,0.9,1.6,.531,.472,0.8,0.8,1.000,0.1,1.0,1.1,0.7,0.2,0.1,0.4,0.7,4.1
260,Maxi Kleber\klebima01,PF,26,DAL,52,35,17.4,2.2,4.5,.483,0.5,1.7,.287,1.7,2.9,.597,.536,0.5,0.7,.703,1.1,2.1,3.2,0.7,0.4,0.7,0.4,1.7,5.4
261,Furkan Korkmaz\korkmfu01,SG,20,PHI,6,0,5.3,0.5,2.0,.250,0.2,1.3,.125,0.3,0.7,.500,.292,0.3,0.3,1.000,0.3,0.7,1.0,0.3,0.2,0.0,0.2,0.7,1.5
262,Luke Kornet\kornelu01,PF,22,NYK,3,0,13.3,1.3,4.7,.286,1.0,4.0,.250,0.3,0.7,.500,.393,0.0,0.0,,0.3,3.3,3.7,0.7,0.7,1.3,0.0,0.0,3.7
263,Kyle Korver\korveky01,SG,36,CLE,56,0,21.3,3.1,6.8,.455,2.3,5.3,.431,0.8,1.5,.542,.623,0.8,0.9,.887,0.2,1.8,2.0,1.2,0.4,0.3,0.7,1.6,9.3
264,Kosta Koufos\koufoko01,C,28,SAC,54,7,18.9,2.8,5.0,.561,0.0,0.0,,2.8,5.0,.561,.561,0.5,1.1,.468,2.0,4.2,6.2,1.1,0.7,0.4,0.7,1.9,6.1
265,Kyle Kuzma\kuzmaky01,PF,22,LAL,56,21,29.5,6.0,13.3,.450,1.9,5.3,.358,4.1,8.0,.511,.521,1.8,2.6,.699,1.2,4.6,5.9,1.8,0.6,0.4,1.7,2.0,15.7
266,Mindaugas Kuzminskas\kuzmimi01,SF,28,NYK,1,0,2.0,0.0,2.0,.000,0.0,0.0,,0.0,2.0,.000,.000,0.0,0.0,,0.0,0.0,0.0,0.0,0.0,0.0,0.0,0.0,0.0
267,Skal Labissiere\labissk01,PF,21,SAC,42,17,18.0,3.1,6.8,.463,0.2,0.5,.348,3.0,6.2,.473,.477,1.4,1.8,.753,1.5,3.0,4.5,0.9,0.5,0.7,1.0,2.1,7.9
268,Jeremy Lamb\lambje01,SG,25,CHO,56,14,24.9,4.9,11.0,.448,1.1,3.2,.350,3.8,7.8,.488,.499,2.5,3.0,.855,0.7,3.7,4.4,2.2,0.8,0.4,1.2,1.8,13.5
269,Shane Larkin\larkish01,PG,25,BOS,37,0,11.6,1.3,3.3,.382,0.5,1.3,.347,0.8,2.0,.405,.451,0.5,0.6,.864,0.2,1.0,1.2,1.2,0.4,0.1,0.5,1.0,3.5
270,Joffrey Lauvergne\lauvejo01,C,26,SAS,38,1,10.6,1.9,3.6,.529,0.0,0.1,.000,1.9,3.4,.550,.529,0.6,1.0,.632,1.2,2.1,3.3,0.9,0.2,0.1,0.8,1.0,4.4
271,Zach LaVine\lavinza01,SG,22,CHI,14,14,25.4,5.9,14.9,.399,1.9,5.0,.371,4.1,9.9,.413,.462,3.1,3.8,.830,0.4,4.1,4.5,2.6,1.1,0.1,1.5,2.3,16.9
272,Jake Layman\laymaja01,SF,23,POR,26,1,5.5,0.5,1.6,.286,0.2,0.7,.222,0.3,0.9,.333,.333,0.1,0.1,.667,0.2,0.4,0.5,0.3,0.2,0.1,0.2,0.5,1.2
273,T.J. Leaf\leaftj01,PF,20,IND,42,0,9.5,1.3,2.7,.470,0.4,0.9,.472,0.9,1.9,.468,.543,0.1,0.2,.600,0.6,1.0,1.6,0.2,0.1,0.1,0.2,1.0,3.1
274,Courtney Lee\leeco01,SG,32,NYK,59,58,32.6,4.9,10.9,.447,1.6,3.9,.405,3.3,6.9,.471,.520,1.8,1.9,.938,0.5,2.9,3.3,2.7,1.2,0.2,1.3,1.6,13.1
275,Alex Len\lenal01,C,24,PHO,49,3,20.4,3.0,5.3,.558,0.0,0.0,,3.0,5.3,.558,.558,2.5,3.4,.735,2.6,5.1,7.7,1.2,0.4,0.9,1.2,2.2,8.4
276,Kawhi Leonard\leonaka01,SF,26,SAS,9,9,23.3,5.8,12.3,.468,1.2,3.9,.314,4.6,8.4,.539,.518,3.4,4.2,.816,0.7,4.0,4.7,2.3,2.0,1.0,1.8,1.0,16.2
277,Meyers Leonard\leoname01,C,25,POR,22,2,7.9,1.5,2.5,.607,0.4,0.8,.529,1.1,1.8,.641,.688,0.4,0.5,.800,0.4,1.6,2.0,0.5,0.2,0.0,0.3,1.1,3.9
278,Jon Leuer\leuerjo01,PF,28,DET,8,0,17.0,1.9,4.5,.417,0.0,0.4,.000,1.9,4.1,.455,.417,1.6,1.9,.867,0.9,3.1,4.0,0.6,0.1,0.4,0.9,2.0,5.4
279,Caris LeVert\leverca01,SF,23,BRK,50,9,26.1,4.3,10.0,.428,1.1,3.4,.335,3.2,6.6,.476,.485,1.9,2.7,.693,0.8,3.0,3.8,4.1,1.1,0.3,2.4,2.2,11.6
280,DeAndre Liggins\liggide01,SG,29,TOT,40,2,14.7,0.8,2.1,.402,0.4,1.1,.341,0.5,1.0,.474,.494,0.1,0.1,.400,0.2,1.3,1.5,0.9,0.9,0.3,0.4,1.8,2.1
280,DeAndre Liggins\liggide01,SG,29,MIL,31,1,15.5,0.7,2.1,.338,0.4,1.2,.306,0.4,0.9,.379,.423,0.1,0.2,.400,0.2,1.4,1.6,0.9,0.9,0.3,0.4,2.0,1.8
280,DeAndre Liggins\liggide01,SG,29,NOP,9,1,11.9,1.2,1.9,.647,0.4,0.9,.500,0.8,1.0,.778,.765,0.0,0.0,,0.2,0.9,1.1,1.0,1.0,0.2,0.3,1.3,2.9
281,Damian Lillard\lillada01,PG,27,POR,51,51,36.5,8.5,18.9,.447,3.0,8.2,.370,5.4,10.7,.505,.527,6.2,6.7,.924,0.7,3.8,4.5,6.6,1.0,0.4,3.1,1.7,26.1
282,Jeremy Lin\linje01,PG,29,BRK,1,1,25.0,5.0,12.0,.417,1.0,2.0,.500,4.0,10.0,.400,.458,7.0,7.0,1.000,0.0,0.0,0.0,4.0,0.0,0.0,3.0,3.0,18.0
283,Shaun Livingston\livinsh01,PG,32,GSW,50,7,15.5,2.3,4.7,.498,0.0,0.1,.000,2.3,4.6,.504,.498,0.6,0.8,.800,0.5,1.2,1.7,1.9,0.4,0.3,0.8,1.6,5.3
284,Kevon Looney\looneke01,C,21,GSW,47,0,11.0,1.3,2.1,.590,0.0,0.0,,1.3,2.1,.590,.590,0.5,1.0,.490,1.1,1.6,2.8,0.5,0.3,0.6,0.5,1.4,3.0
285,Brook Lopez\lopezbr01,C,29,LAL,49,47,21.4,4.5,10.2,.436,1.5,4.4,.333,3.0,5.8,.514,.508,1.4,1.9,.705,1.0,2.8,3.8,1.5,0.4,1.3,1.5,2.8,11.8
286,Robin Lopez\lopezro01,C,29,CHI,57,57,27.7,5.6,10.5,.527,0.0,0.1,.250,5.5,10.4,.531,.529,1.2,1.5,.761,2.2,2.5,4.7,2.0,0.2,0.8,1.8,1.8,12.3
287,Kevin Love\loveke01,C,29,CLE,48,48,28.0,5.8,12.5,.463,2.2,5.4,.404,3.6,7.1,.507,.550,4.1,4.6,.883,1.9,7.4,9.4,1.6,0.7,0.4,1.5,2.1,17.9
288,Kyle Lowry\lowryky01,PG,31,TOR,54,54,32.1,5.2,12.5,.418,3.0,7.6,.389,2.3,4.9,.462,.536,3.1,3.6,.857,0.9,4.8,5.7,6.5,1.2,0.1,2.4,2.3,16.6
289,Timothe Luwawu-Cabarrot\luwawti01,SF,22,PHI,46,7,17.0,2.1,5.7,.370,1.1,3.4,.335,1.0,2.3,.421,.469,1.0,1.2,.786,0.3,1.3,1.6,1.1,0.3,0.1,0.8,2.0,6.3
290,Tyler Lydon\lydonty01,PF,21,DEN,1,0,2.0,0.0,0.0,,0.0,0.0,,0.0,0.0,,,0.0,0.0,,0.0,0.0,0.0,0.0,0.0,0.0,0.0,0.0,0.0
291,Trey Lyles\lylestr01,PF,22,DEN,53,2,20.8,4.1,8.2,.499,1.3,3.3,.400,2.8,4.9,.566,.580,1.6,2.3,.700,0.8,4.4,5.2,1.2,0.5,0.5,0.9,1.7,11.1
292,Shelvin Mack\macksh01,PG,27,ORL,44,3,18.2,2.0,4.6,.433,0.4,1.4,.300,1.6,3.3,.490,.478,1.1,1.5,.750,0.4,2.0,2.4,3.8,0.6,0.1,1.0,1.1,5.5
293,Josh Magette\magetjo01,PG,28,ATL,9,0,7.7,0.7,1.6,.429,0.3,0.7,.500,0.3,0.9,.375,.536,0.7,0.7,1.000,0.1,0.6,0.7,2.0,0.2,0.0,0.2,0.7,2.3
294,Ian Mahinmi\mahinia01,C,31,WAS,55,0,14.8,1.6,2.8,.586,0.0,0.0,.000,1.6,2.7,.589,.586,1.3,1.7,.734,1.6,2.2,3.8,0.7,0.5,0.6,1.2,3.1,4.5
295,Thon Maker\makerth01,C,20,MIL,57,12,18.1,1.9,4.4,.421,0.4,1.4,.309,1.4,3.0,.474,.470,0.9,1.3,.681,1.1,2.4,3.4,0.6,0.5,0.8,0.6,2.3,5.0
296,Boban Marjanovic\marjabo01,C,29,TOT,20,1,8.6,2.1,4.0,.519,0.0,0.0,,2.1,4.0,.519,.519,1.8,2.3,.800,0.8,2.1,2.9,0.7,0.2,0.3,1.1,1.4,5.9
296,Boban Marjanovic\marjabo01,C,29,DET,19,1,9.0,2.2,4.2,.519,0.0,0.0,,2.2,4.2,.519,.519,1.9,2.4,.800,0.8,2.2,3.0,0.7,0.2,0.3,1.2,1.5,6.2
296,Boban Marjanovic\marjabo01,C,29,LAC,1,0,0.0,0.0,0.0,,0.0,0.0,,0.0,0.0,,,0.0,0.0,,0.0,0.0,0.0,0.0,0.0,0.0,0.0,0.0,0.0
297,Lauri Markkanen\markkla01,PF,20,CHI,51,51,30.3,5.5,12.9,.430,2.2,6.3,.354,3.3,6.6,.501,.516,2.0,2.3,.863,1.1,6.6,7.7,1.3,0.5,0.6,1.2,1.6,15.3
298,Jarell Martin\martija01,PF,23,MEM,53,19,20.1,2.6,5.7,.450,0.3,1.0,.327,2.2,4.7,.478,.480,1.0,1.2,.813,1.3,2.6,3.8,0.6,0.6,0.7,1.0,2.8,6.5
299,Frank Mason\masonfr01,PG,23,SAC,29,2,18.6,2.7,6.9,.385,0.6,1.5,.419,2.0,5.4,.376,.430,1.7,2.2,.762,0.4,1.7,2.1,2.9,0.5,0.1,1.3,1.1,7.6
300,Mangok Mathiang\mathima01,C,25,CHO,3,0,3.3,0.0,0.7,.000,0.0,0.0,,0.0,0.7,.000,.000,0.0,0.0,,0.3,1.7,2.0,0.0,0.0,0.0,0.0,0.7,0.0
301,Wesley Matthews\matthwe02,SF,31,DAL,57,56,34.1,4.6,11.1,.409,2.4,6.3,.382,2.1,4.8,.445,.518,1.4,1.7,.825,0.4,2.8,3.2,2.8,1.2,0.2,1.4,2.2,12.9
302,Luc Mbah a Moute\mbahalu01,PF,31,HOU,40,14,27.1,2.7,5.8,.466,1.1,3.1,.358,1.6,2.7,.587,.560,1.0,1.4,.702,0.4,2.9,3.3,1.0,1.2,0.5,1.2,1.8,7.5
303,James Michael McAdoo\mcadoja01,PF,25,PHI,3,0,6.0,0.7,2.3,.286,0.7,2.3,.286,0.0,0.0,,.429,0.7,0.7,1.000,0.0,0.7,0.7,0.0,0.0,0.3,0.3,0.3,2.7
304,Patrick McCaw\mccawpa01,SG,22,GSW,51,6,15.6,1.5,3.4,.440,0.3,1.3,.250,1.2,2.2,.550,.486,0.4,0.5,.720,0.3,1.1,1.4,1.4,0.7,0.2,0.6,1.1,3.7
305,C.J. McCollum\mccolcj01,SG,26,POR,57,57,36.1,8.3,18.4,.450,2.5,5.9,.421,5.8,12.5,.464,.518,2.7,3.1,.859,0.6,3.3,3.9,3.2,1.0,0.4,1.9,2.2,21.7
306,T.J. McConnell\mccontj01,PG,25,PHI,49,1,24.5,3.2,6.2,.511,0.5,0.9,.511,2.7,5.3,.512,.549,0.5,0.6,.833,0.6,2.8,3.4,4.6,1.3,0.2,1.8,1.9,7.3
307,Erik McCree\mccreer01,SF,24,UTA,2,0,1.5,0.0,0.5,.000,0.0,0.0,,0.0,0.5,.000,.000,0.0,0.0,,0.0,0.0,0.0,0.0,0.0,0.0,0.0,0.0,0.0
308,Chris McCullough\mcculch01,PF,22,WAS,18,0,4.8,1.0,2.2,.450,0.1,0.4,.143,0.9,1.8,.515,.463,0.5,0.8,.643,0.4,0.9,1.3,0.2,0.0,0.3,0.1,0.4,2.6
309,Doug McDermott\mcderdo01,SF,26,TOT,58,2,21.5,2.8,6.0,.458,0.9,2.5,.379,1.8,3.5,.515,.537,0.7,1.0,.750,0.6,1.9,2.5,1.0,0.2,0.2,0.6,1.3,7.2
309,Doug McDermott\mcderdo01,SF,26,NYK,55,1,21.3,2.7,6.0,.460,1.0,2.5,.387,1.8,3.5,.513,.541,0.7,1.0,.755,0.6,1.8,2.4,0.9,0.2,0.2,0.6,1.3,7.2
309,Doug McDermott\mcderdo01,SF,26,DAL,3,1,24.7,3.0,7.0,.429,0.7,2.7,.250,2.3,4.3,.538,.476,0.7,1.0,.667,0.7,2.3,3.0,2.7,1.0,0.0,0.3,1.7,7.3
310,JaVale McGee\mcgeeja01,C,30,GSW,42,4,8.0,1.7,2.7,.632,0.0,0.1,.000,1.7,2.6,.667,.632,0.7,0.9,.744,0.7,1.2,1.9,0.4,0.3,0.8,0.4,1.2,4.1
311,Alfonzo McKinnie\mckinal01,SF,25,TOR,12,0,4.0,0.6,1.1,.538,0.3,0.7,.375,0.3,0.4,.800,.654,0.2,0.3,.667,0.0,0.5,0.5,0.1,0.1,0.1,0.3,0.6,1.6
312,Ben McLemore\mclembe01,SG,24,MEM,34,6,16.6,2.3,5.8,.398,0.8,2.6,.299,1.5,3.2,.477,.464,0.8,0.9,.871,0.4,1.4,1.8,0.8,0.6,0.2,0.9,2.3,6.1
313,Josh McRoberts\mcrobjo01,PF,30,DAL,2,0,3.0,0.0,0.5,.000,0.0,0.5,.000,0.0,0.0,,.000,0.0,0.0,,0.0,0.0,0.0,0.0,0.0,0.0,0.0,1.0,0.0
314,Jodie Meeks\meeksjo01,SG,30,WAS,54,0,14.9,1.9,5.1,.380,0.9,2.8,.309,1.1,2.4,.465,.464,1.4,1.6,.872,0.2,1.4,1.6,0.9,0.4,0.1,0.5,0.8,6.1
315,Salah Mejri\mejrisa01,C,31,DAL,52,1,12.2,1.5,2.3,.653,0.0,0.1,.000,1.5,2.3,.669,.653,0.6,1.1,.571,1.5,2.8,4.2,0.6,0.4,1.2,0.6,2.1,3.7
316,Jordan Mickey\mickejo01,PF,23,MIA,17,2,13.9,1.9,3.9,.478,0.1,0.6,.091,1.8,3.3,.554,.485,0.6,0.9,.688,0.8,3.4,4.2,0.5,0.2,0.5,0.9,1.9,4.5
317,Khris Middleton\middlkh01,SF,26,MIL,57,57,36.8,7.3,15.8,.463,1.8,5.2,.346,5.5,10.6,.521,.520,3.5,4.1,.862,0.5,4.8,5.3,4.1,1.3,0.2,2.3,3.2,20.0
318,C.J. Miles\milescj01,SF,30,TOR,47,3,18.4,3.3,8.3,.402,2.4,6.3,.389,0.9,2.0,.442,.549,1.1,1.3,.823,0.2,1.7,1.9,0.7,0.7,0.4,0.5,1.8,10.2
319,Darius Miller\milleda01,SF,27,NOP,57,2,23.2,2.7,6.0,.459,1.9,4.5,.430,0.8,1.4,.549,.622,0.8,0.9,.880,0.2,1.8,2.0,1.3,0.3,0.2,0.7,2.0,8.2
320,Malcolm Miller\millema01,SF,24,TOR,3,0,4.3,0.7,1.7,.400,0.7,1.3,.500,0.0,0.3,.000,.600,0.0,0.0,,0.3,0.3,0.7,0.0,0.0,0.0,0.0,0.3,2.0
321,Patty Mills\millspa02,PG,29,SAS,59,13,23.8,3.2,7.7,.420,1.8,4.7,.386,1.4,3.0,.474,.538,1.1,1.3,.868,0.2,1.6,1.8,2.6,0.7,0.1,1.3,1.4,9.4
322,Paul Millsap\millspa01,PF,32,DEN,16,16,29.7,5.6,12.6,.446,1.3,3.6,.345,4.4,9.0,.486,.495,2.8,4.1,.692,1.5,4.7,6.2,3.0,1.1,1.3,2.1,2.4,15.3
323,Nikola Mirotic\mirotni01,PF,26,TOT,31,6,26.6,5.7,12.5,.458,2.6,6.6,.402,3.1,6.0,.519,.563,2.4,3.0,.806,1.1,5.8,6.9,1.6,0.8,0.7,1.3,1.9,16.5
323,Nikola Mirotic\mirotni01,PF,26,CHI,25,3,24.9,5.7,12.1,.474,2.8,6.4,.429,3.0,5.6,.525,.588,2.6,3.2,.823,0.7,5.6,6.4,1.6,0.6,0.5,1.2,1.8,16.8
323,Nikola Mirotic\mirotni01,PF,26,NOP,6,3,34.0,5.8,14.5,.402,2.2,7.2,.302,3.7,7.3,.500,.477,1.7,2.3,.714,2.8,6.3,9.2,1.7,1.7,1.3,1.3,2.5,15.5
324,Donovan Mitchell\mitchdo01,SG,21,UTA,55,47,32.1,7.3,16.6,.439,2.3,6.6,.354,4.9,10.0,.495,.509,2.7,3.2,.836,0.6,2.9,3.5,3.5,1.5,0.4,2.6,2.8,19.6
325,Naz Mitrou-Long\mitrona01,SG,24,UTA,1,0,1.0,1.0,1.0,1.000,1.0,1.0,1.000,0.0,0.0,,1.500,0.0,0.0,,0.0,0.0,0.0,0.0,0.0,0.0,0.0,0.0,3.0
326,Malik Monk\monkma01,SG,19,CHO,40,0,12.1,1.8,5.4,.335,1.1,3.1,.339,0.8,2.3,.330,.433,0.3,0.4,.706,0.1,0.8,0.9,1.2,0.3,0.1,0.5,0.8,5.0
327,Greg Monroe\monrogr01,C,27,TOT,29,14,20.6,4.1,7.0,.586,0.0,0.0,,4.1,7.0,.586,.586,1.4,2.1,.672,2.2,4.9,7.1,2.0,0.7,0.3,1.7,1.8,9.6
327,Greg Monroe\monrogr01,C,27,MIL,5,0,15.8,3.2,6.6,.485,0.0,0.0,,3.2,6.6,.485,.485,0.4,0.8,.500,1.2,3.8,5.0,1.0,0.0,0.0,1.2,1.4,6.8
327,Greg Monroe\monrogr01,C,27,PHO,20,14,23.3,4.9,7.8,.626,0.0,0.0,,4.9,7.8,.626,.626,1.6,2.3,.674,2.5,5.5,8.0,2.5,0.8,0.3,2.0,2.0,11.3
327,Greg Monroe\monrogr01,C,27,BOS,4,0,13.0,1.5,3.8,.400,0.0,0.0,,1.5,3.8,.400,.400,2.0,2.8,.727,2.0,3.0,5.0,1.0,1.0,0.8,0.5,1.5,5.0
328,Luis Montero\montelu01,SG,24,DET,2,0,4.0,0.0,0.5,.000,0.0,0.0,,0.0,0.5,.000,.000,0.0,0.0,,0.0,1.0,1.0,0.0,0.0,0.0,1.0,0.0,0.0
329,Ben Moore\moorebe01,PF,22,IND,2,0,4.5,0.0,0.0,,0.0,0.0,,0.0,0.0,,,0.0,0.0,,0.0,0.5,0.5,0.5,0.0,0.0,0.0,2.0,0.0
330,E'Twaun Moore\mooreet01,SG,28,NOP,57,55,31.7,5.1,10.0,.512,1.6,3.8,.433,3.5,6.3,.560,.594,0.6,0.9,.694,0.7,2.0,2.7,2.2,1.0,0.1,1.3,2.3,12.5
331,Eric Moreland\moreler01,PF,26,DET,45,1,11.2,0.7,1.3,.508,0.0,0.0,,0.7,1.3,.508,.508,0.2,0.4,.389,1.0,2.5,3.5,1.0,0.4,0.6,0.5,1.7,1.5
332,Marcus Morris\morrima03,PF,28,BOS,35,14,24.9,4.3,10.4,.416,1.5,3.9,.370,2.9,6.4,.444,.486,2.1,2.6,.811,0.9,4.6,5.4,1.3,0.5,0.3,1.2,1.9,12.2
333,Markieff Morris\morrima02,PF,28,WAS,48,48,26.1,4.2,8.9,.473,1.0,2.6,.378,3.2,6.3,.513,.529,1.4,1.7,.840,1.1,4.5,5.6,1.5,0.8,0.5,1.6,3.1,10.9
334,Monte Morris\morrimo01,PG,22,DEN,3,0,8.3,1.3,2.0,.667,0.0,0.3,.000,1.3,1.7,.800,.667,0.7,0.7,1.000,0.0,0.7,0.7,2.3,1.0,0.0,0.3,0.3,3.3
335,Johnathan Motley\motlejo01,PF,22,DAL,3,0,2.7,1.0,1.7,.600,0.0,0.0,,1.0,1.7,.600,.600,1.0,2.7,.375,0.0,1.7,1.7,0.3,0.0,0.7,0.0,0.3,3.0
336,Timofey Mozgov\mozgoti01,C,31,BRK,27,14,12.3,1.7,3.1,.536,0.1,0.7,.222,1.5,2.4,.621,.560,0.7,0.9,.760,1.0,2.1,3.2,0.3,0.2,0.4,1.1,1.3,4.2
337,Emmanuel Mudiay\mudiaem01,PG,21,TOT,45,0,18.2,3.1,7.8,.398,0.8,2.4,.345,2.3,5.4,.421,.452,1.6,2.0,.787,0.4,1.9,2.3,3.0,0.5,0.1,1.8,1.2,8.6
337,Emmanuel Mudiay\mudiaem01,PG,21,DEN,42,0,17.9,3.1,7.7,.401,0.9,2.4,.373,2.2,5.2,.414,.460,1.5,1.9,.808,0.4,1.9,2.2,2.9,0.5,0.1,1.7,1.1,8.5
337,Emmanuel Mudiay\mudiaem01,PG,21,NYK,3,0,23.0,3.7,10.0,.367,0.0,2.7,.000,3.7,7.3,.500,.367,2.3,3.7,.636,0.3,2.7,3.0,5.0,1.0,0.3,2.3,2.0,9.7
338,Shabazz Muhammad\muhamsh01,SF,25,MIN,31,2,9.6,1.5,3.8,.385,0.1,0.6,.211,1.3,3.2,.418,.402,0.7,1.0,.710,0.5,1.0,1.5,0.2,0.2,0.1,0.1,0.7,3.7
339,Xavier Munford\munfoxa02,SG,25,MIL,4,0,2.8,0.3,1.0,.250,0.0,0.0,,0.3,1.0,.250,.250,0.3,0.5,.500,0.3,0.0,0.3,0.3,0.3,0.0,0.5,0.5,0.8
340,Dejounte Murray\murrade01,PG,21,SAS,58,25,19.4,2.9,6.8,.434,0.1,0.3,.211,2.9,6.5,.445,.439,1.1,1.6,.710,1.3,3.9,5.3,2.8,0.9,0.4,1.7,1.8,7.1
341,Jamal Murray\murraja01,PG,20,DEN,57,56,30.4,5.9,12.8,.462,2.0,5.2,.386,3.9,7.7,.513,.540,2.6,2.9,.914,1.0,2.5,3.5,2.9,0.9,0.3,2.1,2.1,16.5
342,Mike Muscala\muscami01,C,26,ATL,30,5,16.7,2.2,4.4,.489,0.9,2.0,.426,1.3,2.4,.542,.586,0.9,1.0,.900,1.0,2.7,3.7,0.9,0.5,0.5,0.6,1.5,6.1
343,Abdel Nader\naderab01,SF,24,BOS,28,0,9.5,1.0,2.8,.346,0.5,1.4,.359,0.5,1.4,.333,.436,0.2,0.4,.455,0.3,1.0,1.3,0.6,0.2,0.1,0.7,0.8,2.6
344,Larry Nance\nancela02,C,25,TOT,44,17,22.0,3.6,6.1,.593,0.0,0.1,.200,3.6,6.0,.601,.595,1.3,2.1,.628,2.6,4.1,6.8,1.4,1.4,0.5,0.9,2.7,8.6
344,Larry Nance\nancela02,C,25,LAL,42,17,22.0,3.6,6.0,.601,0.0,0.1,.250,3.6,5.9,.606,.603,1.3,2.1,.632,2.6,4.2,6.8,1.4,1.4,0.5,1.0,2.7,8.6
344,Larry Nance\nancela02,C,25,CLE,2,0,23.0,3.5,7.5,.467,0.0,0.5,.000,3.5,7.0,.500,.467,2.0,3.5,.571,4.0,2.5,6.5,2.5,1.0,1.0,0.0,3.5,9.0
345,Shabazz Napier\napiesh01,PG,26,POR,51,8,21.3,3.3,7.4,.451,1.1,2.8,.403,2.2,4.5,.481,.528,1.5,1.9,.832,0.4,1.9,2.3,2.2,1.2,0.2,1.3,1.2,9.3
346,Jameer Nelson\nelsoja01,PG,35,TOT,46,0,20.7,2.0,5.0,.402,0.9,2.6,.345,1.1,2.4,.464,.491,0.3,0.4,.778,0.3,1.9,2.2,3.7,0.5,0.1,1.3,1.6,5.2
346,Jameer Nelson\nelsoja01,PG,35,NOP,43,0,20.9,2.0,4.8,.410,0.9,2.6,.364,1.0,2.2,.463,.507,0.3,0.4,.765,0.3,2.0,2.2,3.6,0.5,0.1,1.3,1.6,5.1
346,Jameer Nelson\nelsoja01,PG,35,DET,3,0,18.0,2.7,8.0,.333,0.3,3.0,.111,2.3,5.0,.467,.354,0.3,0.3,1.000,0.3,0.7,1.0,4.0,0.3,0.0,1.3,2.7,6.0
347,Raul Neto\netora01,PG,25,UTA,33,0,13.2,1.9,4.2,.453,0.5,1.3,.419,1.3,2.8,.468,.518,0.7,0.9,.793,0.2,1.1,1.3,1.9,0.3,0.1,0.8,1.0,5.0
348,Georges Niang\niangge01,PF,24,UTA,2,0,1.0,0.0,0.0,,0.0,0.0,,0.0,0.0,,,0.0,0.0,,0.0,0.0,0.0,0.0,0.5,0.0,0.0,0.0,0.0
349,Joakim Noah\noahjo01,C,32,NYK,7,0,5.7,0.7,1.4,.500,0.0,0.0,,0.7,1.4,.500,.500,0.3,0.6,.500,0.9,1.1,2.0,0.6,0.3,0.3,0.6,0.7,1.7
350,Nerlens Noel\noelne01,C,23,DAL,18,6,12.5,1.6,2.9,.528,0.0,0.0,,1.6,2.9,.528,.528,0.9,1.1,.842,1.4,2.6,4.1,0.3,0.6,0.6,0.8,1.7,4.0
351,Lucas Nogueira\noguelu01,C,25,TOR,34,2,9.2,1.1,1.9,.587,0.1,0.4,.200,1.0,1.4,.708,.611,0.4,0.5,.778,0.4,1.5,1.9,0.4,0.5,0.9,0.4,1.3,2.7
352,Dirk Nowitzki\nowitdi01,C,39,DAL,57,57,25.1,4.6,9.9,.462,1.7,4.1,.429,2.8,5.9,.485,.550,1.4,1.6,.901,0.4,5.3,5.7,1.6,0.6,0.5,0.6,1.8,12.3
353,Frank Ntilikina\ntilila01,PG,19,NYK,56,0,20.1,2.0,5.7,.353,0.6,1.8,.337,1.4,4.0,.360,.405,0.6,0.9,.694,0.3,1.7,2.0,3.2,0.9,0.2,1.9,2.3,5.2
354,Jusuf Nurkic\nurkiju01,C,23,POR,55,55,26.5,5.8,12.1,.480,0.0,0.1,.000,5.8,11.9,.485,.480,2.5,3.7,.665,2.1,6.1,8.2,1.8,0.8,1.3,2.4,3.0,14.1
355,David Nwaba\nwabada01,SG,25,CHI,45,3,21.5,2.4,4.7,.517,0.1,0.4,.263,2.3,4.3,.542,.528,1.9,3.0,.625,1.0,3.2,4.2,1.2,0.7,0.5,0.8,2.0,6.8
356,Johnny O'Bryant\obryajo01,PF,24,CHO,36,0,10.5,1.9,4.8,.398,0.4,1.2,.326,1.5,3.6,.422,.439,0.6,0.7,.840,0.8,1.8,2.6,0.4,0.2,0.2,0.4,1.3,4.8
357,Royce O'Neale\onealro01,SF,24,UTA,45,3,14.8,1.8,4.0,.444,0.7,1.7,.395,1.1,2.3,.480,.528,1.0,1.3,.789,0.3,2.8,3.1,1.3,0.5,0.1,0.7,1.3,5.2
358,Kyle O'Quinn\oquinky01,C,27,NYK,57,4,16.7,2.6,4.5,.588,0.0,0.2,.111,2.6,4.4,.605,.589,1.3,1.7,.753,1.4,4.1,5.6,1.9,0.4,1.1,1.3,2.6,6.6
359,Semi Ojeleye\ojelese01,PF,23,BOS,51,0,14.2,0.8,2.5,.308,0.6,2.0,.290,0.2,0.6,.367,.419,0.3,0.5,.640,0.5,1.5,2.0,0.2,0.3,0.0,0.3,1.2,2.5
360,Emeka Okafor\okafoem01,C,35,NOP,4,2,15.8,1.8,4.8,.368,0.0,0.0,,1.8,4.8,.368,.368,1.0,1.5,.667,3.5,2.8,6.3,0.5,0.0,1.8,0.3,1.0,4.5
361,Jahlil Okafor\okafoja01,C,22,TOT,24,0,13.0,2.6,4.9,.534,0.0,0.1,.000,2.6,4.8,.548,.534,0.9,1.2,.724,0.8,2.3,3.1,0.5,0.1,0.6,0.8,2.0,6.1
361,Jahlil Okafor\okafoja01,C,22,PHI,2,0,12.5,2.0,4.5,.444,0.0,0.0,,2.0,4.5,.444,.444,1.0,2.0,.500,2.0,2.5,4.5,0.5,0.0,1.0,1.5,3.5,5.0
361,Jahlil Okafor\okafoja01,C,22,BRK,22,0,13.0,2.7,5.0,.541,0.0,0.1,.000,2.7,4.8,.557,.541,0.9,1.1,.760,0.6,2.3,3.0,0.5,0.1,0.6,0.7,1.9,6.2
362,Victor Oladipo\oladivi01,SG,25,IND,52,52,34.6,8.9,18.4,.484,2.3,6.2,.381,6.5,12.2,.535,.548,4.3,5.3,.810,0.5,4.8,5.3,4.1,2.1,0.8,2.8,2.3,24.4
363,Kelly Olynyk\olynyke01,PF,26,MIA,54,21,23.4,4.0,8.1,.495,1.3,3.4,.368,2.8,4.7,.588,.573,1.6,2.2,.754,1.1,4.4,5.5,2.3,0.8,0.4,2.0,2.9,11.0
364,Cedi Osman\osmande01,SF,22,CLE,45,3,9.2,1.1,2.2,.510,0.4,0.9,.405,0.8,1.3,.586,.595,0.3,0.6,.556,0.2,1.6,1.8,0.4,0.3,0.0,0.4,1.1,3.0
365,Kelly Oubre\oubreke01,SF,22,WAS,57,10,27.6,3.9,9.3,.421,1.6,4.3,.366,2.4,5.0,.469,.506,2.2,2.6,.841,0.8,3.9,4.7,1.1,0.9,0.4,1.1,2.8,11.7
366,Zaza Pachulia\pachuza01,C,33,GSW,48,48,14.8,2.4,4.0,.599,0.0,0.0,,2.4,4.0,.599,.599,1.1,1.3,.813,1.2,3.7,4.9,1.7,0.6,0.2,1.1,1.9,5.9
367,Marcus Paige\paigema01,PG,24,CHO,1,0,3.0,0.0,2.0,.000,0.0,0.0,,0.0,2.0,.000,.000,0.0,0.0,,0.0,2.0,2.0,0.0,0.0,0.0,0.0,0.0,0.0
368,Georgios Papagiannis\papagge01,C,20,SAC,16,0,7.4,1.1,2.6,.415,0.0,0.0,,1.1,2.6,.415,.415,0.0,0.0,,0.8,1.5,2.3,0.6,0.1,0.4,0.5,0.8,2.1
369,Jabari Parker\parkeja01,PF,22,MIL,6,0,17.7,3.2,6.8,.463,0.3,1.3,.250,2.8,5.5,.515,.488,2.7,3.2,.842,0.7,2.3,3.0,0.5,0.7,0.3,0.8,0.8,9.3
370,Tony Parker\parketo01,PG,35,SAS,32,21,20.7,3.7,7.8,.470,0.2,0.7,.238,3.5,7.2,.491,.480,1.0,1.5,.653,0.1,2.0,2.1,3.9,0.6,0.0,1.3,0.9,8.5
371,Chandler Parsons\parsoch01,SF,29,MEM,27,7,20.6,3.3,6.8,.486,1.5,3.6,.417,1.8,3.2,.563,.596,0.6,0.9,.600,0.4,2.3,2.8,2.0,0.5,0.3,1.1,1.7,8.6
372,Patrick Patterson\pattepa01,PF,28,OKC,59,2,15.3,1.2,3.2,.366,0.8,2.1,.366,0.4,1.1,.365,.487,0.5,0.5,.900,0.4,1.8,2.2,0.7,0.6,0.3,0.4,1.1,3.5
373,Brandon Paul\paulbr01,SG,26,SAS,51,2,9.5,0.9,2.1,.440,0.3,1.0,.286,0.7,1.2,.567,.505,0.4,0.6,.606,0.1,1.1,1.2,0.7,0.5,0.1,0.5,1.0,2.5
374,Chris Paul\paulch01,PG,32,HOU,39,39,31.9,6.5,13.9,.470,2.7,6.7,.397,3.9,7.2,.539,.566,3.5,3.8,.907,0.6,5.0,5.7,8.3,1.8,0.3,2.3,2.5,19.2
375,Adreian Payne\paynead01,PF,26,ORL,5,0,8.6,1.4,2.0,.700,0.4,0.6,.667,1.0,1.4,.714,.800,1.0,1.2,.833,0.4,1.4,1.8,0.0,0.4,0.0,0.4,1.2,4.2
376,Elfrid Payton\paytoel01,PG,23,TOT,47,47,29.0,5.6,10.6,.524,0.6,1.6,.384,5.0,9.1,.548,.552,1.7,2.7,.651,1.1,3.2,4.2,6.4,1.4,0.4,2.7,2.3,13.5
376,Elfrid Payton\paytoel01,PG,23,ORL,44,44,28.6,5.4,10.4,.520,0.6,1.5,.373,4.8,8.9,.545,.547,1.6,2.6,.632,1.1,2.9,4.0,6.3,1.5,0.4,2.6,2.2,13.0
376,Elfrid Payton\paytoel01,PG,23,PHO,3,3,35.0,8.0,14.0,.571,1.0,2.0,.500,7.0,12.0,.583,.607,3.3,4.0,.833,1.0,7.3,8.3,8.7,0.3,0.3,4.0,3.0,20.3
377,Gary Payton\paytoga02,PG,25,TOT,16,6,9.0,1.1,2.9,.391,0.1,0.9,.133,1.0,1.9,.516,.413,0.1,0.2,.667,0.5,0.9,1.4,0.8,0.2,0.2,0.2,1.4,2.5
377,Gary Payton\paytoga02,PG,25,MIL,12,6,8.8,1.1,2.8,.394,0.2,1.0,.167,0.9,1.8,.524,.424,0.2,0.3,.667,0.3,1.1,1.4,0.8,0.3,0.1,0.3,1.4,2.5
377,Gary Payton\paytoga02,PG,25,LAL,4,0,9.5,1.3,3.3,.385,0.0,0.8,.000,1.3,2.5,.500,.385,0.0,0.0,,1.0,0.5,1.5,1.0,0.0,0.5,0.0,1.5,2.5
378,London Perrantes\perralo01,PG,23,CLE,2,0,2.0,0.0,0.5,.000,0.0,0.0,,0.0,0.5,.000,.000,0.0,0.0,,0.0,0.0,0.0,0.5,0.0,0.0,0.0,0.5,0.0
379,Alec Peters\peteral01,PF,22,PHO,9,0,9.0,0.6,2.7,.208,0.3,2.3,.143,0.2,0.3,.667,.271,0.3,0.3,1.000,0.4,1.6,2.0,0.8,0.0,0.2,0.1,0.2,1.8
380,Marshall Plumlee\plumlma02,C,25,MIL,7,0,6.4,0.1,0.4,.333,0.0,0.0,,0.1,0.4,.333,.333,1.7,2.3,.750,0.6,1.7,2.3,0.3,0.0,0.1,0.4,1.1,2.0
381,Mason Plumlee\plumlma01,C,27,DEN,50,26,20.9,3.1,5.4,.581,0.0,0.0,.000,3.1,5.4,.584,.581,1.1,2.7,.421,1.9,4.1,6.0,2.0,0.7,1.2,1.6,2.4,7.4
382,Miles Plumlee\plumlmi01,C,29,ATL,38,34,16.8,1.9,3.2,.617,0.0,0.0,,1.9,3.2,.617,.617,0.5,1.0,.462,1.3,2.5,3.8,0.9,0.3,0.6,1.2,1.4,4.4
383,Jakob Poeltl\poeltja01,C,22,TOR,57,0,18.1,3.0,4.6,.649,0.0,0.0,.500,3.0,4.6,.650,.651,0.8,1.4,.571,2.1,2.6,4.7,0.5,0.3,1.2,0.9,2.7,6.8
384,Quincy Pondexter\pondequ01,SF,29,CHI,23,1,8.5,0.6,2.1,.286,0.1,1.0,.136,0.5,1.2,.407,.316,0.6,0.7,.824,0.3,0.8,1.2,0.4,0.3,0.1,0.5,1.0,2.0
385,Otto Porter\porteot01,SF,24,WAS,53,53,31.9,5.6,11.5,.491,1.6,4.0,.404,4.0,7.5,.538,.562,1.5,1.8,.842,1.3,5.1,6.4,2.0,1.6,0.5,0.9,2.0,14.4
386,Bobby Portis\portibo01,PF,22,CHI,48,1,21.0,4.9,10.3,.470,0.9,2.8,.326,3.9,7.5,.524,.514,1.8,2.3,.807,2.2,4.2,6.4,1.7,0.6,0.3,1.2,1.4,12.5
387,Kristaps Porzingis\porzikr01,PF,22,NYK,48,48,32.4,8.1,18.5,.439,1.9,4.8,.393,6.3,13.8,.455,.489,4.5,5.7,.793,1.3,5.3,6.6,1.2,0.8,2.4,1.9,2.9,22.7
388,Dwight Powell\poweldw01,C,26,DAL,57,6,19.8,3.1,5.1,.601,0.2,0.9,.269,2.8,4.2,.674,.625,1.5,2.1,.720,1.7,3.5,5.2,0.9,0.8,0.4,0.7,2.2,7.9
389,Norman Powell\powelno01,SG,24,TOR,49,12,16.1,2.3,5.8,.398,0.8,2.7,.288,1.5,3.1,.493,.465,0.6,0.7,.806,0.2,1.6,1.8,1.4,0.7,0.3,1.0,1.8,6.0
390,Alex Poythress\poythal01,PF,24,IND,21,0,4.3,0.4,1.0,.429,0.1,0.4,.375,0.3,0.6,.462,.500,0.0,0.0,,0.3,0.3,0.6,0.1,0.1,0.0,0.1,0.6,1.0
391,Jacob Pullen\pulleja01,PG,28,PHI,3,0,2.0,0.3,0.7,.500,0.0,0.3,.000,0.3,0.3,1.000,.500,0.0,0.0,,0.0,0.0,0.0,0.0,0.0,0.0,0.3,0.0,0.7
392,Zhou Qi\qizh01,C,22,HOU,14,0,5.4,0.3,1.7,.167,0.1,1.1,.133,0.1,0.6,.222,.208,0.5,0.7,.700,0.1,0.8,0.9,0.1,0.1,0.4,0.4,0.9,1.2
393,Ivan Rabb\rabbiv01,PF,20,MEM,16,1,11.1,2.3,3.4,.667,0.0,0.0,,2.3,3.4,.667,.667,0.6,0.7,.818,1.3,2.1,3.4,0.7,0.1,0.3,0.9,1.1,5.1
394,Julius Randle\randlju01,C,23,LAL,57,24,24.5,5.7,10.2,.559,0.2,0.7,.225,5.6,9.5,.584,.567,3.1,4.4,.697,2.0,5.3,7.3,2.3,0.5,0.6,2.5,3.3,14.7
395,Zach Randolph\randoza01,PF,36,SAC,49,47,25.6,6.2,12.7,.484,0.8,2.3,.351,5.3,10.4,.514,.516,1.5,1.9,.793,1.8,5.2,7.0,2.1,0.8,0.2,2.1,2.1,14.6
396,J.J. Redick\redicjj01,SG,33,PHI,44,44,31.9,5.7,12.8,.444,2.7,6.7,.403,3.0,6.1,.489,.550,2.9,3.0,.940,0.2,2.6,2.8,3.3,0.6,0.1,1.5,2.1,16.9
397,Davon Reed\reedda01,SG,22,PHO,7,0,8.0,0.4,2.1,.200,0.3,1.0,.286,0.1,1.1,.125,.267,0.1,0.3,.500,0.0,0.9,0.9,0.6,0.3,0.1,0.3,0.9,1.3
398,Willie Reed\reedwi02,C,27,TOT,42,5,10.2,1.9,2.9,.669,0.0,0.0,.500,1.9,2.8,.672,.674,0.8,1.3,.582,0.8,2.1,2.9,0.2,0.2,0.5,0.5,1.3,4.6
398,Willie Reed\reedwi02,C,27,LAC,39,5,10.7,2.1,3.1,.667,0.0,0.1,.500,2.0,3.0,.669,.671,0.8,1.4,.582,0.9,2.2,3.1,0.2,0.2,0.6,0.5,1.4,4.9
398,Willie Reed\reedwi02,C,27,DET,3,0,3.0,0.3,0.3,1.000,0.0,0.0,,0.3,0.3,1.000,1.000,0.0,0.0,,0.0,0.3,0.3,0.3,0.0,0.0,0.0,1.0,0.7
399,Josh Richardson\richajo01,SF,24,MIA,58,58,34.1,5.0,11.0,.454,1.7,4.5,.385,3.3,6.5,.501,.533,1.5,1.8,.821,0.7,2.6,3.3,2.9,1.3,0.9,1.9,2.6,13.2
400,Malachi Richardson\richama01,SG,22,TOT,26,4,12.5,1.2,3.5,.333,0.5,1.5,.300,0.7,1.9,.360,.400,0.7,0.8,.773,0.2,1.1,1.3,0.5,0.4,0.0,0.4,1.0,3.4
400,Malachi Richardson\richama01,SG,22,SAC,25,4,12.8,1.2,3.5,.330,0.5,1.6,.308,0.7,2.0,.347,.398,0.7,0.9,.773,0.2,1.1,1.3,0.5,0.4,0.0,0.4,1.1,3.5
400,Malachi Richardson\richama01,SG,22,TOR,1,0,5.0,1.0,2.0,.500,0.0,1.0,.000,1.0,1.0,1.000,.500,0.0,0.0,,0.0,1.0,1.0,0.0,0.0,0.0,0.0,0.0,2.0
401,Austin Rivers\riverau01,SG,25,LAC,36,34,32.9,5.7,13.6,.422,2.4,6.1,.394,3.3,7.4,.446,.511,1.7,2.6,.652,0.4,1.8,2.2,3.7,1.2,0.3,1.8,2.5,15.5
402,Andre Roberson\roberan03,SG,26,OKC,39,39,26.6,2.2,4.2,.537,0.2,0.9,.222,2.0,3.2,.627,.562,0.3,1.0,.316,1.9,2.8,4.7,1.2,1.2,0.9,0.8,2.3,5.0
403,Rajon Rondo\rondora01,PG,31,NOP,43,41,24.6,3.2,7.0,.462,0.8,2.3,.347,2.4,4.6,.520,.520,0.2,0.5,.476,0.5,3.1,3.6,7.3,0.9,0.2,2.1,1.8,7.5
404,Derrick Rose\rosede01,PG,29,CLE,16,7,19.3,3.6,8.3,.439,0.4,1.5,.250,3.3,6.8,.481,.462,2.2,2.6,.854,0.6,1.2,1.8,1.6,0.2,0.3,1.8,0.9,9.8
405,Terrence Ross\rosste01,SG,26,ORL,22,20,26.2,3.3,8.0,.407,1.3,3.9,.329,2.0,4.2,.478,.486,1.2,1.6,.743,0.5,2.7,3.2,1.6,1.2,0.4,1.1,2.0,9.0
406,Terry Rozier\roziete01,PG,23,BOS,59,3,24.2,3.6,9.1,.393,1.7,4.5,.374,1.9,4.6,.412,.485,1.3,1.6,.789,0.8,3.7,4.5,2.4,1.0,0.2,0.9,1.4,10.1
407,Ricky Rubio\rubiori01,PG,27,UTA,54,54,29.3,4.3,10.4,.410,1.1,3.4,.324,3.1,7.0,.452,.463,2.6,3.1,.861,0.5,3.7,4.2,5.2,1.5,0.1,2.8,2.6,12.3
408,D'Angelo Russell\russeda01,PG,21,BRK,25,12,23.9,6.0,14.2,.424,1.3,4.6,.276,4.7,9.5,.496,.469,2.4,3.3,.723,0.7,3.0,3.7,4.6,0.7,0.2,3.3,2.0,15.7
409,Domantas Sabonis\sabondo01,C,21,IND,56,19,25.3,4.8,9.1,.525,0.2,0.5,.333,4.6,8.6,.536,.534,2.4,3.3,.732,2.4,5.8,8.2,2.2,0.5,0.5,2.0,3.0,12.1
410,JaKarr Sampson\sampsja02,SF,24,SAC,13,3,14.3,1.9,3.0,.641,0.2,0.4,.600,1.7,2.6,.647,.679,0.2,0.3,.750,1.0,2.7,3.7,0.5,0.3,0.7,0.4,2.2,4.3
411,Dario Saric\saricda01,PF,23,PHI,54,49,30.8,5.2,11.6,.450,2.0,5.1,.387,3.2,6.5,.500,.535,2.3,2.6,.899,2.1,4.9,6.9,2.7,0.7,0.3,2.0,2.1,14.7
412,Tomas Satoransky\satorto01,SG,26,WAS,48,9,18.5,2.3,4.4,.521,0.6,1.3,.468,1.7,3.1,.544,.590,0.9,1.2,.719,0.8,1.6,2.4,3.1,0.6,0.2,0.8,1.4,6.0
413,Dennis Schroder\schrode01,PG,24,ATL,55,55,31.3,7.5,17.2,.436,1.1,3.8,.287,6.4,13.4,.478,.467,3.4,3.9,.870,0.7,2.4,3.1,6.3,1.1,0.1,2.6,2.1,19.5
414,Mike Scott\scottmi01,PF,29,WAS,52,1,18.5,3.8,6.8,.552,1.0,2.3,.425,2.8,4.5,.617,.624,0.7,1.0,.680,0.6,2.7,3.3,0.9,0.4,0.2,1.1,2.0,9.2
415,Thabo Sefolosha\sefolth01,SF,33,UTA,38,6,21.2,3.1,6.3,.492,0.8,2.2,.381,2.3,4.1,.551,.558,1.2,1.4,.815,0.8,3.5,4.2,0.9,1.4,0.3,0.8,1.6,8.2
416,Wayne Selden\seldewa01,SG,23,MEM,20,8,19.5,2.9,7.1,.404,1.2,3.2,.381,1.7,3.9,.423,.489,1.4,1.9,.730,0.5,1.3,1.8,1.8,0.6,0.1,1.8,2.0,8.3
417,Ramon Sessions\sessira01,PG,31,NYK,13,3,12.8,1.3,4.1,.321,0.2,0.8,.182,1.2,3.2,.357,.340,0.9,1.2,.800,0.1,1.3,1.4,2.1,0.5,0.1,1.2,1.1,3.7
418,Iman Shumpert\shumpim01,SG,27,CLE,14,6,19.7,1.6,4.1,.379,0.5,1.9,.269,1.1,2.3,.469,.440,0.8,1.1,.733,0.5,2.4,2.9,1.2,0.6,0.4,1.2,1.6,4.4
419,Pascal Siakam\siakapa01,PF,23,TOR,56,4,20.0,2.9,5.9,.488,0.4,1.9,.192,2.5,4.0,.624,.518,0.6,1.0,.589,1.1,3.4,4.4,1.8,0.9,0.5,0.8,2.0,6.7
420,Ben Simmons\simmobe01,PG,21,PHI,54,54,34.9,7.0,13.2,.527,0.0,0.2,.000,7.0,13.0,.535,.527,2.5,4.4,.565,1.8,6.0,7.8,7.3,1.9,0.9,3.7,2.7,16.4
421,Jonathon Simmons\simmojo02,SG,28,ORL,56,37,28.9,5.2,11.2,.466,0.9,2.9,.327,4.3,8.3,.514,.508,2.4,3.2,.774,0.9,2.6,3.4,2.3,0.8,0.3,2.1,2.5,13.8
422,Kobi Simmons\simmoko01,PG,20,MEM,12,0,14.7,1.6,3.8,.422,0.3,1.1,.231,1.3,2.7,.500,.456,0.4,0.4,1.000,0.3,1.3,1.6,1.0,0.7,0.3,0.8,1.4,3.8
423,Kyle Singler\singlky01,SF,29,OKC,11,0,4.8,0.6,1.7,.368,0.2,0.5,.400,0.5,1.3,.357,.421,0.6,1.2,.538,0.1,0.7,0.8,0.1,0.1,0.0,0.3,0.4,2.1
424,Marcus Smart\smartma01,SG,23,BOS,46,10,30.3,3.5,9.7,.357,1.4,4.6,.299,2.1,5.2,.409,.427,1.8,2.4,.736,0.8,2.8,3.6,4.7,1.3,0.5,2.5,2.7,10.1
425,Dennis Smith\smithde03,PG,20,DAL,50,50,29.3,5.7,14.4,.394,1.6,4.9,.317,4.1,9.5,.435,.449,1.9,2.8,.681,0.7,3.2,3.9,4.9,1.0,0.2,2.9,2.2,14.8
426,Ish Smith\smithis01,PG,29,DET,57,22,24.4,4.7,9.9,.472,0.2,0.8,.256,4.5,9.1,.490,.482,1.2,1.6,.723,0.4,2.4,2.8,4.5,0.7,0.2,1.3,1.8,10.7
427,J.R. Smith\smithjr01,SG,32,CLE,55,52,29.7,3.0,7.5,.400,2.0,5.3,.376,1.0,2.3,.456,.531,0.4,0.7,.667,0.4,2.7,3.1,2.0,0.9,0.1,0.9,2.2,8.5
428,Jason Smith\smithja02,C,31,WAS,23,2,9.4,1.3,3.7,.349,0.0,1.0,.045,1.3,2.8,.453,.355,0.7,0.7,.882,0.7,1.0,1.7,0.5,0.1,0.4,0.5,1.7,3.3
429,Josh Smith\smithjo03,PF,32,NOP,3,0,4.0,0.3,1.3,.250,0.0,0.0,,0.3,1.3,.250,.250,0.0,0.0,,1.0,0.3,1.3,0.0,0.0,0.0,0.0,1.0,0.7
430,Tony Snell\snellto01,SG,26,MIL,52,40,29.1,2.6,6.0,.442,1.5,3.7,.411,1.1,2.3,.492,.568,0.6,0.8,.775,0.2,2.0,2.1,1.2,0.6,0.4,0.4,1.6,7.4
431,Marreese Speights\speigma01,C,30,ORL,47,3,13.3,2.7,6.9,.393,1.7,4.6,.369,1.0,2.3,.443,.517,0.8,1.1,.760,0.4,2.2,2.7,0.8,0.1,0.4,0.8,2.1,7.9
432,Nik Stauskas\stausni01,SG,24,TOT,31,0,13.4,1.5,3.7,.388,1.0,2.5,.410,0.4,1.2,.342,.526,0.5,0.6,.800,0.1,1.5,1.6,0.9,0.2,0.1,0.7,0.5,4.5
432,Nik Stauskas\stausni01,SG,24,PHI,6,0,7.5,0.2,0.7,.250,0.0,0.2,.000,0.2,0.5,.333,.250,0.3,0.3,1.000,0.0,0.2,0.2,0.2,0.7,0.0,0.7,0.5,0.7
432,Nik Stauskas\stausni01,SG,24,BRK,25,0,14.8,1.8,4.5,.393,1.3,3.1,.416,0.5,1.4,.343,.536,0.6,0.7,.778,0.1,1.8,2.0,1.1,0.1,0.1,0.7,0.6,5.4
433,Lance Stephenson\stephla01,SG,27,IND,58,6,23.3,3.7,8.4,.436,0.9,2.7,.325,2.8,5.7,.489,.489,1.1,1.6,.663,0.7,4.7,5.4,3.0,0.6,0.2,1.7,2.2,9.2
434,Julyan Stone\stoneju01,SG,29,CHO,11,0,3.9,0.2,0.4,.500,0.2,0.4,.500,0.0,0.0,,.750,0.0,0.0,,0.0,1.0,1.0,0.9,0.2,0.1,0.4,0.8,0.5
435,Caleb Swanigan\swanica01,PF,20,POR,17,3,8.2,0.9,2.6,.356,0.1,0.4,.167,0.9,2.3,.385,.367,0.5,0.8,.615,0.8,1.4,2.2,0.5,0.3,0.2,0.6,1.5,2.4
436,Jayson Tatum\tatumja01,SF,19,BOS,59,59,31.0,4.8,10.0,.475,1.3,3.0,.427,3.5,7.0,.495,.539,2.7,3.3,.824,0.7,4.4,5.1,1.4,0.9,0.8,1.3,2.1,13.5
437,Isaiah Taylor\taylois01,PG,23,ATL,44,0,14.4,1.7,4.1,.420,0.3,0.9,.293,1.5,3.2,.457,.453,0.9,1.4,.639,0.3,1.1,1.4,2.3,0.4,0.2,0.8,1.4,4.6
438,Jeff Teague\teaguje01,PG,29,MIN,50,50,33.1,4.8,10.8,.444,1.2,3.1,.379,3.6,7.7,.470,.498,2.4,2.9,.814,0.4,2.5,2.9,7.1,1.4,0.3,2.7,2.6,13.1
439,Mirza Teletovic\teletmi01,PF,32,MIL,10,0,15.9,2.5,5.7,.439,2.1,4.5,.467,0.4,1.2,.333,.623,0.0,0.0,,0.3,2.0,2.3,1.0,0.4,0.1,0.7,1.4,7.1
440,Garrett Temple\templga01,SG,31,SAC,53,33,24.9,3.1,7.5,.410,1.3,3.5,.371,1.8,4.0,.444,.496,0.9,1.3,.731,0.4,2.1,2.4,2.0,0.9,0.4,1.3,2.1,8.4
441,Milos Teodosic\teodomi01,PG,30,LAC,27,25,24.9,3.3,8.4,.392,1.9,5.4,.349,1.4,3.0,.469,.504,0.7,0.9,.870,0.5,2.5,3.0,5.2,0.5,0.1,2.2,2.3,9.2
442,Jason Terry\terryja01,SG,40,MIL,26,0,11.0,0.8,2.1,.400,0.5,1.5,.342,0.3,0.7,.529,.518,0.1,0.1,1.000,0.0,0.7,0.8,0.8,0.5,0.2,0.4,1.0,2.3
443,Daniel Theis\theisda01,C,25,BOS,57,2,14.5,1.9,3.6,.522,0.3,0.9,.302,1.6,2.7,.599,.561,0.9,1.3,.750,1.4,2.8,4.2,0.9,0.4,0.7,0.9,2.5,5.0
444,Isaiah Thomas\thomais02,PG,28,TOT,18,14,25.9,4.5,12.3,.365,1.4,5.6,.260,3.1,6.8,.451,.423,3.6,4.1,.878,0.4,1.5,1.9,4.5,0.6,0.2,3.0,1.8,14.1
444,Isaiah Thomas\thomais02,PG,28,CLE,15,14,27.1,4.7,12.9,.361,1.5,5.8,.253,3.2,7.1,.449,.418,3.9,4.5,.868,0.5,1.6,2.1,4.5,0.6,0.1,2.7,1.7,14.7
444,Isaiah Thomas\thomais02,PG,28,LAL,3,0,20.0,3.7,9.3,.393,1.3,4.3,.308,2.3,5.0,.467,.464,2.0,2.0,1.000,0.0,1.0,1.0,4.3,0.3,0.3,4.3,2.3,10.7
445,Lance Thomas\thomala01,PF,29,NYK,56,22,18.0,1.4,3.5,.390,0.6,1.5,.388,0.8,2.0,.391,.474,0.6,0.7,.821,0.6,1.7,2.3,0.5,0.3,0.2,0.6,1.7,3.9
446,Klay Thompson\thompkl01,SG,27,GSW,57,57,34.1,7.8,15.9,.494,3.2,7.1,.455,4.6,8.8,.526,.596,1.1,1.3,.863,0.4,3.5,3.9,2.5,0.7,0.6,1.8,1.6,20.0
447,Tristan Thompson\thomptr01,C,26,CLE,36,15,21.1,2.6,4.4,.599,0.0,0.0,,2.6,4.4,.599,.599,0.9,1.6,.589,2.1,3.9,6.0,0.6,0.3,0.4,0.6,2.1,6.1
448,Sindarius Thornwell\thornsi01,SG,23,LAC,49,8,13.0,1.1,2.6,.444,0.3,0.8,.385,0.8,1.8,.471,.504,0.6,0.9,.674,0.3,1.2,1.4,0.7,0.5,0.3,0.7,1.6,3.2
449,Anthony Tolliver\tollian01,PF,32,DET,54,6,21.3,2.5,5.6,.444,1.8,4.5,.411,0.7,1.2,.571,.607,1.3,1.6,.802,0.6,2.3,2.8,1.2,0.3,0.3,0.8,1.8,8.1
450,Karl-Anthony Towns\townska01,C,22,MIN,61,61,35.1,7.4,13.6,.546,1.5,3.5,.421,5.9,10.0,.591,.601,3.9,4.5,.858,2.9,9.2,12.2,2.4,0.8,1.5,1.9,3.4,20.2
451,P.J. Tucker\tuckepj01,SF,32,HOU,57,9,27.8,1.9,4.9,.385,1.2,3.3,.356,0.7,1.6,.444,.505,0.6,0.8,.795,1.1,4.6,5.7,0.8,1.0,0.2,0.8,2.6,5.5
452,Evan Turner\turneev01,SF,29,POR,55,28,26.1,3.3,7.4,.448,0.5,1.5,.309,2.9,5.9,.483,.479,1.1,1.4,.840,0.4,3.0,3.4,2.1,0.6,0.3,1.4,2.0,8.2
453,Myles Turner\turnemy01,C,21,IND,42,39,28.3,5.0,10.2,.488,0.9,2.5,.356,4.1,7.7,.531,.532,2.7,3.5,.764,1.4,5.3,6.6,1.4,0.5,2.1,1.5,2.9,13.5
454,Ekpe Udoh\udohek01,C,30,UTA,49,3,14.8,1.2,2.2,.537,0.0,0.0,,1.2,2.2,.537,.537,0.8,1.1,.759,1.2,1.4,2.7,1.0,0.8,1.3,0.3,1.9,3.2
455,Tyler Ulis\ulisty01,PG,22,PHO,56,37,22.5,2.6,7.0,.376,0.5,1.8,.257,2.2,5.2,.417,.409,1.0,1.3,.806,0.3,1.3,1.6,3.9,1.0,0.1,1.6,1.7,6.8
456,Jonas Valanciunas\valanjo01,C,25,TOR,53,53,22.0,4.8,8.4,.567,0.4,0.8,.476,4.4,7.6,.577,.590,2.1,2.6,.824,2.3,6.2,8.4,1.0,0.4,0.8,1.4,2.6,12.0
457,Denzel Valentine\valende01,SG,24,CHI,57,32,27.7,3.8,9.1,.412,1.8,4.7,.370,2.0,4.4,.456,.508,0.5,0.7,.816,0.6,4.7,5.4,3.1,0.7,0.1,1.2,2.4,9.8
458,Fred VanVleet\vanvlfr01,PG,23,TOR,54,0,18.8,2.9,6.8,.433,1.3,3.0,.417,1.7,3.7,.446,.526,1.0,1.1,.867,0.3,2.1,2.4,3.1,0.9,0.2,0.9,1.7,8.1
459,Rashad Vaughn\vaughra01,SG,21,TOT,23,0,7.7,0.9,2.2,.420,0.6,1.5,.371,0.3,0.7,.533,.550,0.2,0.3,.667,0.1,0.7,0.7,0.6,0.2,0.1,0.2,0.6,2.6
459,Rashad Vaughn\vaughra01,SG,21,MIL,22,0,7.9,1.0,2.3,.420,0.6,1.6,.371,0.4,0.7,.533,.550,0.2,0.3,.667,0.1,0.7,0.8,0.5,0.2,0.1,0.2,0.5,2.7
459,Rashad Vaughn\vaughra01,SG,21,BRK,1,0,4.0,0.0,0.0,,0.0,0.0,,0.0,0.0,,,0.0,0.0,,0.0,0.0,0.0,1.0,0.0,0.0,0.0,1.0,0.0
460,Noah Vonleh\vonleno01,PF,22,TOT,34,12,14.2,1.4,2.9,.495,0.1,0.2,.333,1.4,2.7,.505,.505,0.7,0.9,.750,1.0,4.0,5.0,0.4,0.2,0.3,0.5,1.2,3.6
460,Noah Vonleh\vonleno01,PF,22,POR,33,12,14.4,1.4,2.9,.490,0.1,0.2,.333,1.4,2.7,.500,.500,0.7,0.9,.742,1.1,4.0,5.1,0.4,0.2,0.3,0.5,1.3,3.6
460,Noah Vonleh\vonleno01,PF,22,CHI,1,0,6.0,1.0,1.0,1.000,0.0,0.0,,1.0,1.0,1.000,1.000,1.0,1.0,1.000,0.0,4.0,4.0,0.0,0.0,0.0,1.0,0.0,3.0
461,Nikola Vucevic\vucevni01,C,27,ORL,34,34,29.9,7.3,14.9,.491,1.4,4.1,.343,5.9,10.7,.548,.539,1.4,1.6,.821,1.8,7.5,9.3,3.3,1.0,1.1,1.9,2.4,17.4
462,Dwyane Wade\wadedw01,SG,36,TOT,49,3,23.2,4.2,9.4,.447,0.5,1.5,.320,3.7,7.9,.472,.473,2.0,2.8,.696,0.9,3.2,4.0,3.5,0.9,0.7,2.1,1.9,10.9
462,Dwyane Wade\wadedw01,SG,36,CLE,46,3,23.2,4.3,9.5,.455,0.5,1.5,.329,3.8,7.9,.479,.482,2.0,2.9,.701,0.8,3.1,3.9,3.5,0.9,0.7,2.0,1.8,11.2
462,Dwyane Wade\wadedw01,SG,36,MIA,3,0,22.0,3.0,9.3,.321,0.3,1.7,.200,2.7,7.7,.348,.339,0.7,1.3,.500,1.0,4.3,5.3,3.3,1.0,1.0,4.0,2.7,7.0
463,Dion Waiters\waitedi01,SG,26,MIA,30,30,30.6,5.4,13.7,.398,1.7,5.7,.306,3.7,8.0,.463,.461,1.7,2.3,.739,0.3,2.3,2.6,3.8,0.8,0.3,2.3,2.0,14.3
464,Kemba Walker\walkeke02,PG,27,CHO,55,55,35.1,7.6,17.9,.423,2.9,7.6,.379,4.7,10.3,.456,.504,4.8,5.7,.852,0.4,2.9,3.4,5.8,1.2,0.3,2.2,1.4,22.9
465,John Wall\walljo01,PG,27,WAS,37,37,34.3,6.8,16.3,.417,1.4,4.0,.358,5.4,12.3,.436,.461,4.3,6.0,.719,0.5,3.0,3.6,9.3,1.3,1.1,3.6,1.9,19.4
466,Tyrone Wallace\wallaty01,PG,23,LAC,18,10,27.4,3.4,7.6,.456,0.4,1.2,.333,3.1,6.4,.478,.482,2.3,3.0,.778,0.6,2.6,3.2,2.3,0.8,0.4,1.3,2.6,9.6
467,Taurean Waller-Prince\princta02,SF,23,ATL,59,59,29.9,4.4,10.7,.416,1.7,4.7,.368,2.7,5.9,.454,.498,1.6,1.9,.817,0.7,4.0,4.7,2.3,0.9,0.5,2.2,2.0,12.2
468,Derrick Walton\waltode01,PG,22,MIA,14,0,9.8,0.6,1.7,.333,0.5,1.2,.412,0.1,0.5,.143,.479,0.3,0.3,1.000,0.1,0.8,0.9,1.1,0.4,0.2,0.1,0.4,1.9
469,T.J. Warren\warretj01,SF,24,PHO,56,56,32.4,8.0,16.0,.500,0.3,1.4,.203,7.7,14.6,.529,.509,3.0,4.1,.746,1.8,3.3,5.1,1.4,1.0,0.6,1.3,2.2,19.3
470,James Webb\webbja01,SF,24,BRK,9,0,12.0,0.6,2.3,.238,0.4,1.9,.235,0.1,0.4,.250,.333,0.0,0.0,,0.8,1.7,2.4,0.4,0.1,0.0,0.3,1.1,1.6
471,Briante Weber\weberbr01,PG,25,HOU,13,0,9.1,0.7,1.7,.409,0.3,0.7,.444,0.4,1.0,.385,.500,0.3,0.3,1.000,0.2,1.2,1.4,1.0,0.8,0.2,0.5,1.4,2.0
472,David West\westda01,C,37,GSW,54,0,13.6,3.1,5.1,.618,0.1,0.1,.429,3.1,5.0,.623,.624,0.8,1.0,.732,0.9,2.6,3.5,1.9,0.6,1.1,1.0,1.7,7.1
473,Russell Westbrook\westbru01,PG,29,OKC,57,57,36.2,9.5,21.5,.444,1.3,4.4,.296,8.2,17.1,.482,.474,5.1,7.0,.726,1.7,7.6,9.4,10.4,1.9,0.2,4.6,2.3,25.4
474,Andrew White\whitean01,SF,24,ATL,1,0,17.0,6.0,11.0,.545,3.0,7.0,.429,3.0,4.0,.750,.682,0.0,0.0,,1.0,1.0,2.0,1.0,1.0,0.0,1.0,3.0,15.0
475,Derrick White\whitede01,PG,23,SAS,16,0,7.5,0.8,1.6,.480,0.3,0.5,.500,0.5,1.1,.471,.560,0.8,1.1,.667,0.3,1.1,1.4,0.5,0.3,0.1,0.4,0.5,2.5
476,Okaro White\whiteok01,PF,25,MIA,6,4,13.3,1.2,2.7,.438,0.7,1.8,.364,0.5,0.8,.600,.563,0.3,0.5,.667,0.5,1.3,1.8,0.3,0.2,0.2,0.2,1.0,3.3
477,Isaiah Whitehead\whiteis01,PG,22,BRK,15,0,11.9,2.6,5.5,.470,0.5,1.1,.412,2.1,4.4,.485,.512,0.9,1.3,.684,0.3,1.5,1.7,1.3,0.5,0.1,1.6,1.5,6.5
478,Hassan Whiteside\whiteha01,C,28,MIA,39,39,25.7,5.9,10.8,.550,0.1,0.1,1.000,5.9,10.7,.548,.552,2.3,3.1,.727,3.2,8.8,11.9,0.8,0.7,1.7,1.7,2.2,14.2
479,Andrew Wiggins\wiggian01,SF,22,MIN,61,61,36.1,6.9,15.7,.438,1.3,4.2,.315,5.6,11.5,.483,.480,2.4,3.9,.634,1.0,3.2,4.2,1.7,1.1,0.6,1.7,1.9,17.5
480,Jacob Wiley\wileyja01,PF,23,BRK,5,0,6.6,0.2,0.8,.250,0.2,0.4,.500,0.0,0.4,.000,.375,0.2,0.4,.500,0.4,1.8,2.2,0.4,0.2,0.0,0.0,0.8,0.8
481,Damien Wilkins\wilkida02,SF,38,IND,19,1,8.0,0.7,2.1,.333,0.2,0.9,.222,0.5,1.1,.429,.385,0.2,0.2,.750,0.3,0.6,0.8,0.5,0.1,0.1,0.3,0.4,1.7
482,C.J. Williams\willicj01,SG,27,LAC,28,13,19.4,2.4,5.2,.462,0.8,2.1,.350,1.6,3.0,.541,.534,0.4,0.5,.786,0.4,1.2,1.5,0.9,0.9,0.5,0.6,1.8,5.9
483,Lou Williams\willilo02,SG,31,LAC,55,14,32.4,7.4,16.8,.440,2.8,7.4,.378,4.6,9.5,.488,.522,5.6,6.2,.895,0.5,2.1,2.5,5.3,1.1,0.2,2.9,1.4,23.2
484,Marvin Williams\willima02,PF,31,CHO,53,53,26.1,3.3,7.0,.470,1.6,3.7,.426,1.7,3.3,.520,.582,1.3,1.5,.870,1.0,3.8,4.8,1.1,0.7,0.4,0.8,1.5,9.4
485,Matt Williams\willima05,SG,24,MIA,3,0,3.7,0.7,2.0,.333,0.3,1.7,.200,0.3,0.3,1.000,.417,0.0,0.0,,0.0,0.3,0.3,0.0,0.0,0.0,0.3,0.3,1.7
486,Troy Williams\willitr02,SF,23,HOU,4,0,4.3,0.5,2.3,.222,0.0,1.3,.000,0.5,1.0,.500,.222,0.3,0.8,.333,0.3,0.8,1.0,0.3,0.3,0.0,0.3,0.5,1.3
487,D.J. Wilson\wilsodj01,PF,21,MIL,19,0,3.2,0.4,0.6,.583,0.1,0.3,.400,0.3,0.4,.714,.667,0.0,0.0,,0.1,0.3,0.4,0.1,0.1,0.1,0.2,0.3,0.8
488,Jamil Wilson\wilsoja02,SF,27,LAC,15,10,18.3,2.5,5.4,.469,1.8,4.2,.429,0.7,1.2,.611,.636,0.1,0.3,.500,0.2,1.9,2.1,0.7,0.3,0.5,0.5,2.3,7.0
489,Justise Winslow\winslju01,SF,21,MIA,44,21,23.2,2.4,6.1,.397,0.6,1.4,.397,1.8,4.6,.397,.444,0.8,1.2,.692,0.9,4.4,5.3,2.0,0.6,0.5,1.2,2.0,6.2
490,Jeff Withey\witheje01,C,27,DAL,10,0,3.9,0.6,1.6,.375,0.2,1.0,.200,0.4,0.6,.667,.438,0.1,0.2,.500,0.1,0.9,1.0,0.0,0.0,0.3,0.2,0.3,1.5
491,Nate Wolters\woltena01,PG,26,UTA,5,0,3.8,0.2,1.2,.167,0.0,0.0,,0.2,1.2,.167,.167,0.0,0.0,,0.2,0.2,0.4,0.2,0.0,0.0,0.0,0.2,0.4
492,Brandan Wright\wrighbr03,PF,30,MEM,27,1,13.6,2.1,3.7,.576,0.0,0.0,,2.1,3.7,.576,.576,0.8,1.2,.636,1.2,2.3,3.4,0.5,0.5,0.9,0.3,1.1,5.0
493,Delon Wright\wrighde01,PG,25,TOR,45,3,21.3,3.0,6.4,.471,0.8,2.1,.375,2.2,4.3,.518,.533,1.6,1.8,.867,0.7,2.3,3.0,2.7,1.1,0.5,1.2,1.2,8.4
494,Guerschon Yabusele\yabusgu01,PF,22,BOS,22,0,5.0,0.6,1.5,.406,0.4,1.0,.364,0.2,0.5,.500,.531,0.2,0.4,.556,0.5,0.9,1.4,0.3,0.0,0.0,0.3,0.6,1.8
495,James Young\youngja01,SG,22,PHI,5,0,10.4,0.8,2.4,.333,0.6,2.0,.300,0.2,0.4,.500,.458,0.8,1.2,.667,0.0,0.4,0.4,0.4,0.0,0.0,0.0,0.6,3.0
496,Joe Young\youngjo01,PG,25,IND,41,1,10.2,1.5,3.2,.473,0.4,1.1,.362,1.1,2.0,.536,.538,0.4,0.6,.720,0.1,0.8,1.0,0.6,0.2,0.0,0.4,0.7,3.9
497,Nick Young\youngni01,SG,32,GSW,56,1,14.4,2.4,5.4,.443,1.4,3.7,.393,0.9,1.7,.553,.578,0.4,0.6,.727,0.2,1.0,1.2,0.4,0.5,0.1,0.4,1.1,6.6
498,Thaddeus Young\youngth01,PF,29,IND,58,58,32.7,5.3,10.7,.497,0.8,2.4,.350,4.5,8.3,.539,.536,0.6,1.0,.576,2.2,3.8,6.0,2.1,1.5,0.4,1.3,2.2,12.1
499,Cody Zeller\zelleco01,C,25,CHO,26,0,19.1,2.4,4.8,.508,0.1,0.1,1.000,2.3,4.7,.500,.516,2.0,2.8,.716,2.1,3.5,5.6,1.0,0.5,0.8,1.2,2.5,7.0
500,Tyler Zeller\zellety01,C,28,TOT,47,33,17.0,3.0,5.4,.559,0.2,0.6,.357,2.8,4.8,.584,.579,0.9,1.3,.667,1.6,3.1,4.7,0.6,0.2,0.5,0.9,1.9,7.1
500,Tyler Zeller\zellety01,C,28,BRK,42,33,16.7,3.0,5.5,.546,0.2,0.6,.385,2.7,4.8,.567,.568,1.0,1.4,.667,1.5,3.1,4.6,0.7,0.2,0.5,0.8,1.9,7.1
500,Tyler Zeller\zellety01,C,28,MIL,5,0,19.0,3.4,5.0,.680,0.0,0.4,.000,3.4,4.6,.739,.680,0.0,0.0,,2.4,3.0,5.4,0.4,0.0,0.8,1.0,2.0,6.8
501,Paul Zipser\zipsepa01,SF,23,CHI,48,9,15.0,1.5,4.2,.356,0.7,1.9,.348,0.8,2.3,.364,.436,0.3,0.4,.667,0.2,2.2,2.4,0.8,0.4,0.3,0.8,1.5,3.9
502,Ante Zizic\zizican01,C,21,CLE,14,1,3.2,0.4,0.9,.417,0.0,0.0,,0.4,0.9,.417,.417,0.4,0.5,.714,0.4,0.7,1.1,0.1,0.0,0.2,0.1,0.4,1.1
503,Ivica Zubac\zubaciv01,C,20,LAL,18,0,5.2,0.9,1.7,.548,0.0,0.0,,0.9,1.7,.548,.548,0.4,0.6,.727,0.5,1.1,1.6,0.2,0.0,0.1,0.4,0.6,2.3
